verify	Set up job	﻿2026-09-19T17:42:33.3793378Z Current runner version: '2.337.0'
verify	Set up job	2026-09-19T17:42:33.3833056Z ##[group]Runner Image Provisioner
verify	Set up job	2026-09-19T17:42:33.3834546Z Hosted Compute Agent
verify	Set up job	2026-09-19T17:42:33.3835629Z Version: 20260828.587
verify	Set up job	2026-09-19T17:42:33.3836952Z Commit: abac92662cab4cc7352de4f9f9d2e2419aad9c29
verify	Set up job	2026-09-19T17:42:33.3838355Z Build Date: 2026-08-28T16:44:25Z
verify	Set up job	2026-09-19T17:42:33.3839601Z Worker ID: {0cfce4ba-7d53-4bb1-8120-cb9e92e9fd63}
verify	Set up job	2026-09-19T17:42:33.3841376Z Azure Region: westus
verify	Set up job	2026-09-19T17:42:33.3842367Z ##[endgroup]
verify	Set up job	2026-09-19T17:42:33.3845024Z ##[group]Operating System
verify	Set up job	2026-09-19T17:42:33.3846151Z Ubuntu
verify	Set up job	2026-09-19T17:42:33.3846996Z 24.04.5
verify	Set up job	2026-09-19T17:42:33.3847966Z LTS
verify	Set up job	2026-09-19T17:42:33.3848837Z ##[endgroup]
verify	Set up job	2026-09-19T17:42:33.3849939Z ##[group]Runner Image
verify	Set up job	2026-09-19T17:42:33.3851516Z Image: ubuntu-24.04
verify	Set up job	2026-09-19T17:42:33.3852541Z Version: 20260907.300.1
verify	Set up job	2026-09-19T17:42:33.3854517Z Included Software: https://github.com/actions/runner-images/blob/ubuntu24/20260907.300/images/ubuntu/Ubuntu2404-Readme.md
verify	Set up job	2026-09-19T17:42:33.3857713Z Image Release: https://github.com/actions/runner-images/releases/tag/ubuntu24%2F20260907.300
verify	Set up job	2026-09-19T17:42:33.3859655Z ##[endgroup]
verify	Set up job	2026-09-19T17:42:33.3862048Z ##[group]GITHUB_TOKEN Permissions
verify	Set up job	2026-09-19T17:42:33.3864757Z Contents: read
verify	Set up job	2026-09-19T17:42:33.3865781Z Metadata: read
verify	Set up job	2026-09-19T17:42:33.3866938Z ##[endgroup]
verify	Set up job	2026-09-19T17:42:33.3869990Z Secret source: Actions
verify	Set up job	2026-09-19T17:42:33.3872138Z Cache mode: write
verify	Set up job	2026-09-19T17:42:33.3873400Z Prepare workflow directory
verify	Set up job	2026-09-19T17:42:33.4574206Z Prepare all required actions
verify	Set up job	2026-09-19T17:42:33.4646573Z Getting action download info
verify	Set up job	2026-09-19T17:42:33.8562474Z Download action repository 'actions/checkout@11bd71901bbe5b1630ceea73d27597364c9af683' (SHA:11bd71901bbe5b1630ceea73d27597364c9af683)
verify	Set up job	2026-09-19T17:42:33.9946913Z Download action repository 'actions/setup-node@49933ea5288caeca8642d1e84afbd3f7d6820020' (SHA:49933ea5288caeca8642d1e84afbd3f7d6820020)
verify	Set up job	2026-09-19T17:42:34.1357968Z Download action repository 'oven-sh/setup-bun@735343b667d3e6f658f44d0eca948eb6282f2b76' (SHA:735343b667d3e6f658f44d0eca948eb6282f2b76)
verify	Set up job	2026-09-19T17:42:34.4809607Z Download action repository 'actions/upload-artifact@ea165f8d65b6e75b540449e92b4886f43607fa02' (SHA:ea165f8d65b6e75b540449e92b4886f43607fa02)
verify	Set up job	2026-09-19T17:42:34.7438926Z Complete job name: verify
verify	Initialize containers	﻿2026-09-19T17:42:34.7963191Z ##[group]Checking docker version
verify	Initialize containers	2026-09-19T17:42:34.7976179Z ##[command]/usr/bin/docker version --format '{{.Server.APIVersion}}'
verify	Initialize containers	2026-09-19T17:42:36.1314226Z '1.48'
verify	Initialize containers	2026-09-19T17:42:36.1338080Z Docker daemon API version: '1.48'
verify	Initialize containers	2026-09-19T17:42:36.1338650Z ##[command]/usr/bin/docker version --format '{{.Client.APIVersion}}'
verify	Initialize containers	2026-09-19T17:42:36.1568257Z '1.48'
verify	Initialize containers	2026-09-19T17:42:36.1577246Z Docker client API version: '1.48'
verify	Initialize containers	2026-09-19T17:42:36.1582189Z ##[endgroup]
verify	Initialize containers	2026-09-19T17:42:36.1584918Z ##[group]Clean up resources from previous jobs
verify	Initialize containers	2026-09-19T17:42:36.1590220Z ##[command]/usr/bin/docker ps --all --quiet --no-trunc --filter "label=de9f05"
verify	Initialize containers	2026-09-19T17:42:36.1797776Z ##[command]/usr/bin/docker network prune --force --filter "label=de9f05"
verify	Initialize containers	2026-09-19T17:42:36.1983292Z ##[endgroup]
verify	Initialize containers	2026-09-19T17:42:36.1983673Z ##[group]Create local container network
verify	Initialize containers	2026-09-19T17:42:36.1993546Z ##[command]/usr/bin/docker network create --label de9f05 github_network_0a07f299a47448e3a5b44e14b5f18c78
verify	Initialize containers	2026-09-19T17:42:36.2738496Z f82eeea26056acfb6f6619febb2372efc045efe077b5b95ae6084c20b3b5d948
verify	Initialize containers	2026-09-19T17:42:36.2760154Z ##[endgroup]
verify	Initialize containers	2026-09-19T17:42:36.2784308Z ##[group]Starting demo-postgres service container
verify	Initialize containers	2026-09-19T17:42:36.2805405Z ##[command]/usr/bin/docker pull postgres:17
verify	Initialize containers	2026-09-19T17:42:37.2277304Z 17: Pulling from library/postgres
verify	Initialize containers	2026-09-19T17:42:37.4992104Z 6b37362b3da7: Pulling fs layer
verify	Initialize containers	2026-09-19T17:42:37.4993470Z 0725a8be915e: Pulling fs layer
verify	Initialize containers	2026-09-19T17:42:37.4997988Z 71f55f60a786: Pulling fs layer
verify	Initialize containers	2026-09-19T17:42:37.5009552Z 564dc3c4a6f9: Pulling fs layer
verify	Initialize containers	2026-09-19T17:42:37.5011899Z 752819419f50: Pulling fs layer
verify	Initialize containers	2026-09-19T17:42:37.5012856Z 8b51b9245051: Pulling fs layer
verify	Initialize containers	2026-09-19T17:42:37.5014047Z 498b9ff7d682: Pulling fs layer
verify	Initialize containers	2026-09-19T17:42:37.5014622Z 755a851127eb: Pulling fs layer
verify	Initialize containers	2026-09-19T17:42:37.5015188Z bbe7b3469b20: Pulling fs layer
verify	Initialize containers	2026-09-19T17:42:37.5015722Z 73872941ba23: Pulling fs layer
verify	Initialize containers	2026-09-19T17:42:37.5016256Z 2f9b6cf2e417: Pulling fs layer
verify	Initialize containers	2026-09-19T17:42:37.5016780Z 3feaebf93d15: Pulling fs layer
verify	Initialize containers	2026-09-19T17:42:37.5017335Z 50e228e2fe6d: Pulling fs layer
verify	Initialize containers	2026-09-19T17:42:37.5017997Z bed9376b51dc: Pulling fs layer
verify	Initialize containers	2026-09-19T17:42:37.5018532Z 755a851127eb: Waiting
verify	Initialize containers	2026-09-19T17:42:37.5019012Z bbe7b3469b20: Waiting
verify	Initialize containers	2026-09-19T17:42:37.5019442Z 73872941ba23: Waiting
verify	Initialize containers	2026-09-19T17:42:37.5019885Z 2f9b6cf2e417: Waiting
verify	Initialize containers	2026-09-19T17:42:37.5020339Z 3feaebf93d15: Waiting
verify	Initialize containers	2026-09-19T17:42:37.5026290Z 50e228e2fe6d: Waiting
verify	Initialize containers	2026-09-19T17:42:37.5026946Z bed9376b51dc: Waiting
verify	Initialize containers	2026-09-19T17:42:37.5027206Z 752819419f50: Waiting
verify	Initialize containers	2026-09-19T17:42:37.5027808Z 8b51b9245051: Waiting
verify	Initialize containers	2026-09-19T17:42:37.5028283Z 498b9ff7d682: Waiting
verify	Initialize containers	2026-09-19T17:42:37.5028758Z 564dc3c4a6f9: Waiting
verify	Initialize containers	2026-09-19T17:42:37.7212943Z 0725a8be915e: Verifying Checksum
verify	Initialize containers	2026-09-19T17:42:37.7241526Z 0725a8be915e: Download complete
verify	Initialize containers	2026-09-19T17:42:37.7656454Z 71f55f60a786: Verifying Checksum
verify	Initialize containers	2026-09-19T17:42:37.7677085Z 71f55f60a786: Download complete
verify	Initialize containers	2026-09-19T17:42:37.8651000Z 6b37362b3da7: Verifying Checksum
verify	Initialize containers	2026-09-19T17:42:37.8652220Z 6b37362b3da7: Download complete
verify	Initialize containers	2026-09-19T17:42:37.9591878Z 564dc3c4a6f9: Verifying Checksum
verify	Initialize containers	2026-09-19T17:42:37.9593453Z 564dc3c4a6f9: Download complete
verify	Initialize containers	2026-09-19T17:42:38.0265423Z 752819419f50: Verifying Checksum
verify	Initialize containers	2026-09-19T17:42:38.0288360Z 752819419f50: Download complete
verify	Initialize containers	2026-09-19T17:42:38.1072971Z 8b51b9245051: Verifying Checksum
verify	Initialize containers	2026-09-19T17:42:38.1085686Z 8b51b9245051: Download complete
verify	Initialize containers	2026-09-19T17:42:38.1818974Z 498b9ff7d682: Verifying Checksum
verify	Initialize containers	2026-09-19T17:42:38.1819553Z 498b9ff7d682: Download complete
verify	Initialize containers	2026-09-19T17:42:38.2501404Z 755a851127eb: Verifying Checksum
verify	Initialize containers	2026-09-19T17:42:38.2508096Z 755a851127eb: Download complete
verify	Initialize containers	2026-09-19T17:42:38.4219900Z 73872941ba23: Verifying Checksum
verify	Initialize containers	2026-09-19T17:42:38.4247305Z 73872941ba23: Download complete
verify	Initialize containers	2026-09-19T17:42:38.4939726Z 2f9b6cf2e417: Verifying Checksum
verify	Initialize containers	2026-09-19T17:42:38.4949592Z 2f9b6cf2e417: Download complete
verify	Initialize containers	2026-09-19T17:42:38.6470182Z 3feaebf93d15: Verifying Checksum
verify	Initialize containers	2026-09-19T17:42:38.6498923Z 3feaebf93d15: Download complete
verify	Initialize containers	2026-09-19T17:42:38.7785138Z 50e228e2fe6d: Verifying Checksum
verify	Initialize containers	2026-09-19T17:42:38.7787034Z 50e228e2fe6d: Download complete
verify	Initialize containers	2026-09-19T17:42:38.8446967Z bbe7b3469b20: Verifying Checksum
verify	Initialize containers	2026-09-19T17:42:38.8451235Z bbe7b3469b20: Download complete
verify	Initialize containers	2026-09-19T17:42:38.8829128Z bed9376b51dc: Verifying Checksum
verify	Initialize containers	2026-09-19T17:42:38.8831716Z bed9376b51dc: Download complete
verify	Initialize containers	2026-09-19T17:42:39.3165358Z 6b37362b3da7: Pull complete
verify	Initialize containers	2026-09-19T17:42:42.2527273Z 0725a8be915e: Pull complete
verify	Initialize containers	2026-09-19T17:42:42.4768016Z 71f55f60a786: Pull complete
verify	Initialize containers	2026-09-19T17:42:42.5296247Z 564dc3c4a6f9: Pull complete
verify	Initialize containers	2026-09-19T17:42:42.8965212Z 752819419f50: Pull complete
verify	Initialize containers	2026-09-19T17:42:42.9884192Z 8b51b9245051: Pull complete
verify	Initialize containers	2026-09-19T17:42:43.0031688Z 498b9ff7d682: Pull complete
verify	Initialize containers	2026-09-19T17:42:43.0163245Z 755a851127eb: Pull complete
verify	Initialize containers	2026-09-19T17:42:47.4047433Z bbe7b3469b20: Pull complete
verify	Initialize containers	2026-09-19T17:42:47.4246300Z 73872941ba23: Pull complete
verify	Initialize containers	2026-09-19T17:42:47.4378301Z 2f9b6cf2e417: Pull complete
verify	Initialize containers	2026-09-19T17:42:47.4520871Z 3feaebf93d15: Pull complete
verify	Initialize containers	2026-09-19T17:42:47.4642103Z 50e228e2fe6d: Pull complete
verify	Initialize containers	2026-09-19T17:42:47.4775785Z bed9376b51dc: Pull complete
verify	Initialize containers	2026-09-19T17:42:47.4827169Z Digest: sha256:f4c66b820c6f974249089d3d16d86a3698eae11e8746eb6644b2271031e91232
verify	Initialize containers	2026-09-19T17:42:47.4844027Z Status: Downloaded newer image for postgres:17
verify	Initialize containers	2026-09-19T17:42:47.4866413Z docker.io/library/postgres:17
verify	Initialize containers	2026-09-19T17:42:47.4943737Z ##[command]/usr/bin/docker create --name 3811da618da042b3822e5ea7c0504103_postgres17_f5493d --label de9f05 --network github_network_0a07f299a47448e3a5b44e14b5f18c78 --network-alias demo-postgres -p 55432:5432 --health-cmd "pg_isready -U demo -d zenjev_demo" --health-interval 5s --health-timeout 5s --health-retries 12 -e "POSTGRES_USER=demo" -e "POSTGRES_PASSWORD=demo" -e "POSTGRES_DB=zenjev_demo" -e GITHUB_ACTIONS=true -e CI=true postgres:17
verify	Initialize containers	2026-09-19T17:42:47.5222885Z 123d83a343f05c6fd9f0f29b34c7462e255fe00ec9dcebc0496d423eb95ee7b9
verify	Initialize containers	2026-09-19T17:42:47.5245077Z ##[command]/usr/bin/docker start 123d83a343f05c6fd9f0f29b34c7462e255fe00ec9dcebc0496d423eb95ee7b9
verify	Initialize containers	2026-09-19T17:42:48.3412626Z 123d83a343f05c6fd9f0f29b34c7462e255fe00ec9dcebc0496d423eb95ee7b9
verify	Initialize containers	2026-09-19T17:42:48.3441410Z ##[command]/usr/bin/docker ps --all --filter id=123d83a343f05c6fd9f0f29b34c7462e255fe00ec9dcebc0496d423eb95ee7b9 --filter status=running --no-trunc --format "{{.ID}} {{.Status}}"
verify	Initialize containers	2026-09-19T17:42:48.3685297Z 123d83a343f05c6fd9f0f29b34c7462e255fe00ec9dcebc0496d423eb95ee7b9 Up Less than a second (health: starting)
verify	Initialize containers	2026-09-19T17:42:48.3719998Z ##[command]/usr/bin/docker port 123d83a343f05c6fd9f0f29b34c7462e255fe00ec9dcebc0496d423eb95ee7b9
verify	Initialize containers	2026-09-19T17:42:48.3912709Z 5432/tcp -> 0.0.0.0:55432
verify	Initialize containers	2026-09-19T17:42:48.3913402Z 5432/tcp -> [::]:55432
verify	Initialize containers	2026-09-19T17:42:48.3968132Z ##[endgroup]
verify	Initialize containers	2026-09-19T17:42:48.3969407Z ##[group]Starting test-postgres service container
verify	Initialize containers	2026-09-19T17:42:48.3971390Z ##[command]/usr/bin/docker pull postgres:17
verify	Initialize containers	2026-09-19T17:42:49.0607657Z 17: Pulling from library/postgres
verify	Initialize containers	2026-09-19T17:42:49.0677967Z Digest: sha256:f4c66b820c6f974249089d3d16d86a3698eae11e8746eb6644b2271031e91232
verify	Initialize containers	2026-09-19T17:42:49.0679250Z Status: Image is up to date for postgres:17
verify	Initialize containers	2026-09-19T17:42:49.0685648Z docker.io/library/postgres:17
verify	Initialize containers	2026-09-19T17:42:49.0704324Z ##[command]/usr/bin/docker create --name cf4fc62084fa402a80f4cd451238c46b_postgres17_f6bfc5 --label de9f05 --network github_network_0a07f299a47448e3a5b44e14b5f18c78 --network-alias test-postgres -p 55433:5432 --health-cmd "pg_isready -U demo -d zenjev_test" --health-interval 5s --health-timeout 5s --health-retries 12 -e "POSTGRES_USER=demo" -e "POSTGRES_PASSWORD=demo" -e "POSTGRES_DB=zenjev_test" -e GITHUB_ACTIONS=true -e CI=true postgres:17
verify	Initialize containers	2026-09-19T17:42:49.1077629Z 2af7311f527611ad91a89b423b0efcec8006a3278063ff0916dc074edad4db27
verify	Initialize containers	2026-09-19T17:42:49.1092638Z ##[command]/usr/bin/docker start 2af7311f527611ad91a89b423b0efcec8006a3278063ff0916dc074edad4db27
verify	Initialize containers	2026-09-19T17:42:49.3203446Z 2af7311f527611ad91a89b423b0efcec8006a3278063ff0916dc074edad4db27
verify	Initialize containers	2026-09-19T17:42:49.3247466Z ##[command]/usr/bin/docker ps --all --filter id=2af7311f527611ad91a89b423b0efcec8006a3278063ff0916dc074edad4db27 --filter status=running --no-trunc --format "{{.ID}} {{.Status}}"
verify	Initialize containers	2026-09-19T17:42:49.3439420Z 2af7311f527611ad91a89b423b0efcec8006a3278063ff0916dc074edad4db27 Up Less than a second (health: starting)
verify	Initialize containers	2026-09-19T17:42:49.3456638Z ##[command]/usr/bin/docker port 2af7311f527611ad91a89b423b0efcec8006a3278063ff0916dc074edad4db27
verify	Initialize containers	2026-09-19T17:42:49.3818312Z 5432/tcp -> 0.0.0.0:55433
verify	Initialize containers	2026-09-19T17:42:49.3820147Z 5432/tcp -> [::]:55433
verify	Initialize containers	2026-09-19T17:42:49.3823154Z ##[endgroup]
verify	Initialize containers	2026-09-19T17:42:49.3839116Z ##[group]Waiting for all services to be ready
verify	Initialize containers	2026-09-19T17:42:49.3861467Z ##[command]/usr/bin/docker inspect --format="{{if .Config.Healthcheck}}{{print .State.Health.Status}}{{end}}" 123d83a343f05c6fd9f0f29b34c7462e255fe00ec9dcebc0496d423eb95ee7b9
verify	Initialize containers	2026-09-19T17:42:49.4058721Z starting
verify	Initialize containers	2026-09-19T17:42:49.4074015Z demo-postgres service is starting, waiting 2 seconds before checking again.
verify	Initialize containers	2026-09-19T17:42:51.4078547Z ##[command]/usr/bin/docker inspect --format="{{if .Config.Healthcheck}}{{print .State.Health.Status}}{{end}}" 123d83a343f05c6fd9f0f29b34c7462e255fe00ec9dcebc0496d423eb95ee7b9
verify	Initialize containers	2026-09-19T17:42:51.4216877Z starting
verify	Initialize containers	2026-09-19T17:42:51.4230251Z demo-postgres service is starting, waiting 3 seconds before checking again.
verify	Initialize containers	2026-09-19T17:42:55.0236090Z ##[command]/usr/bin/docker inspect --format="{{if .Config.Healthcheck}}{{print .State.Health.Status}}{{end}}" 123d83a343f05c6fd9f0f29b34c7462e255fe00ec9dcebc0496d423eb95ee7b9
verify	Initialize containers	2026-09-19T17:42:55.0374817Z healthy
verify	Initialize containers	2026-09-19T17:42:55.0391777Z demo-postgres service is healthy.
verify	Initialize containers	2026-09-19T17:42:55.0392672Z ##[command]/usr/bin/docker inspect --format="{{if .Config.Healthcheck}}{{print .State.Health.Status}}{{end}}" 2af7311f527611ad91a89b423b0efcec8006a3278063ff0916dc074edad4db27
verify	Initialize containers	2026-09-19T17:42:55.0515164Z healthy
verify	Initialize containers	2026-09-19T17:42:55.0527753Z test-postgres service is healthy.
verify	Initialize containers	2026-09-19T17:42:55.0528404Z ##[endgroup]
verify	Check out the exact application revision	﻿2026-09-19T17:42:55.0813596Z Node 20 is being deprecated. This workflow is running with Node 24 by default. If you need to temporarily use Node 20, you can set the ACTIONS_ALLOW_USE_UNSECURE_NODE_VERSION=true environment variable. For more information see: https://github.blog/changelog/2025-09-19-deprecation-of-node-20-on-github-actions-runners/
verify	Check out the exact application revision	2026-09-19T17:42:55.0821661Z ##[group]Run actions/checkout@11bd71901bbe5b1630ceea73d27597364c9af683
verify	Check out the exact application revision	2026-09-19T17:42:55.0822208Z with:
verify	Check out the exact application revision	2026-09-19T17:42:55.0822409Z   path: ZenJev
verify	Check out the exact application revision	2026-09-19T17:42:55.0822627Z   persist-credentials: false
verify	Check out the exact application revision	2026-09-19T17:42:55.0822876Z   repository: marcoakes/ZenJev
verify	Check out the exact application revision	2026-09-19T17:42:55.0825432Z   token: ***
verify	Check out the exact application revision	2026-09-19T17:42:55.0825660Z   ssh-strict: true
verify	Check out the exact application revision	2026-09-19T17:42:55.0825859Z   ssh-user: git
verify	Check out the exact application revision	2026-09-19T17:42:55.0826048Z   clean: true
verify	Check out the exact application revision	2026-09-19T17:42:55.0826253Z   sparse-checkout-cone-mode: true
verify	Check out the exact application revision	2026-09-19T17:42:55.0826504Z   fetch-depth: 1
verify	Check out the exact application revision	2026-09-19T17:42:55.0826695Z   fetch-tags: false
verify	Check out the exact application revision	2026-09-19T17:42:55.0826897Z   show-progress: true
verify	Check out the exact application revision	2026-09-19T17:42:55.0827148Z   lfs: false
verify	Check out the exact application revision	2026-09-19T17:42:55.0827330Z   submodules: false
verify	Check out the exact application revision	2026-09-19T17:42:55.0827531Z   set-safe-directory: true
verify	Check out the exact application revision	2026-09-19T17:42:55.0827939Z ##[endgroup]
verify	Check out the exact application revision	2026-09-19T17:42:55.1961358Z Syncing repository: marcoakes/ZenJev
verify	Check out the exact application revision	2026-09-19T17:42:55.1963505Z ##[group]Getting Git version info
verify	Check out the exact application revision	2026-09-19T17:42:55.1964161Z Working directory is '/home/runner/work/ZenJev/ZenJev/ZenJev'
verify	Check out the exact application revision	2026-09-19T17:42:55.1985297Z [command]/usr/bin/git version
verify	Check out the exact application revision	2026-09-19T17:42:55.2141326Z git version 2.55.0
verify	Check out the exact application revision	2026-09-19T17:42:55.2167300Z ##[endgroup]
verify	Check out the exact application revision	2026-09-19T17:42:55.2176649Z Temporarily overriding HOME='/home/runner/work/_temp/09a703db-9f05-4ebe-a937-0d32a2da7959' before making global git config changes
verify	Check out the exact application revision	2026-09-19T17:42:55.2178356Z Adding repository directory to the temporary git global config as a safe directory
verify	Check out the exact application revision	2026-09-19T17:42:55.2181223Z [command]/usr/bin/git config --global --add safe.directory /home/runner/work/ZenJev/ZenJev/ZenJev
verify	Check out the exact application revision	2026-09-19T17:42:55.2271432Z ##[group]Initializing the repository
verify	Check out the exact application revision	2026-09-19T17:42:55.2274723Z [command]/usr/bin/git init /home/runner/work/ZenJev/ZenJev/ZenJev
verify	Check out the exact application revision	2026-09-19T17:42:55.2360401Z hint: Using 'master' as the name for the initial branch. This default branch name
verify	Check out the exact application revision	2026-09-19T17:42:55.2365283Z hint: will change to "main" in Git 3.0. To configure the initial branch name
verify	Check out the exact application revision	2026-09-19T17:42:55.2382064Z hint: to use in all of your new repositories, which will suppress this warning,
verify	Check out the exact application revision	2026-09-19T17:42:55.2391795Z hint: call:
verify	Check out the exact application revision	2026-09-19T17:42:55.2392389Z hint:
verify	Check out the exact application revision	2026-09-19T17:42:55.2393089Z hint: 	git config --global init.defaultBranch <name>
verify	Check out the exact application revision	2026-09-19T17:42:55.2393793Z hint:
verify	Check out the exact application revision	2026-09-19T17:42:55.2394505Z hint: Names commonly chosen instead of 'master' are 'main', 'trunk' and
verify	Check out the exact application revision	2026-09-19T17:42:55.2395599Z hint: 'development'. The just-created branch can be renamed via this command:
verify	Check out the exact application revision	2026-09-19T17:42:55.2396474Z hint:
verify	Check out the exact application revision	2026-09-19T17:42:55.2397009Z hint: 	git branch -m <name>
verify	Check out the exact application revision	2026-09-19T17:42:55.2397612Z hint:
verify	Check out the exact application revision	2026-09-19T17:42:55.2398410Z hint: Disable this message with "git config set advice.defaultBranchName false"
verify	Check out the exact application revision	2026-09-19T17:42:55.2399659Z Initialized empty Git repository in /home/runner/work/ZenJev/ZenJev/ZenJev/.git/
verify	Check out the exact application revision	2026-09-19T17:42:55.2402257Z [command]/usr/bin/git remote add origin https://github.com/marcoakes/ZenJev
verify	Check out the exact application revision	2026-09-19T17:42:55.2451301Z ##[endgroup]
verify	Check out the exact application revision	2026-09-19T17:42:55.2452283Z ##[group]Disabling automatic garbage collection
verify	Check out the exact application revision	2026-09-19T17:42:55.2456793Z [command]/usr/bin/git config --local gc.auto 0
verify	Check out the exact application revision	2026-09-19T17:42:55.2528013Z ##[endgroup]
verify	Check out the exact application revision	2026-09-19T17:42:55.2551516Z ##[group]Setting up auth
verify	Check out the exact application revision	2026-09-19T17:42:55.2553029Z [command]/usr/bin/git config --local --name-only --get-regexp core\.sshCommand
verify	Check out the exact application revision	2026-09-19T17:42:55.2580770Z [command]/usr/bin/git submodule foreach --recursive sh -c "git config --local --name-only --get-regexp 'core\.sshCommand' && git config --local --unset-all 'core.sshCommand' || :"
verify	Check out the exact application revision	2026-09-19T17:42:55.3110154Z [command]/usr/bin/git config --local --name-only --get-regexp http\.https\:\/\/github\.com\/\.extraheader
verify	Check out the exact application revision	2026-09-19T17:42:55.3132881Z [command]/usr/bin/git submodule foreach --recursive sh -c "git config --local --name-only --get-regexp 'http\.https\:\/\/github\.com\/\.extraheader' && git config --local --unset-all 'http.https://github.com/.extraheader' || :"
verify	Check out the exact application revision	2026-09-19T17:42:55.3506925Z [command]/usr/bin/git config --local http.https://github.com/.extraheader AUTHORIZATION: basic ***
verify	Check out the exact application revision	2026-09-19T17:42:55.3551839Z ##[endgroup]
verify	Check out the exact application revision	2026-09-19T17:42:55.3552554Z ##[group]Fetching the repository
verify	Check out the exact application revision	2026-09-19T17:42:55.3564193Z [command]/usr/bin/git -c protocol.version=2 fetch --no-tags --prune --no-recurse-submodules --depth=1 origin +88afc37003b2f6e12339ea8f1156bd62e3d8a34e:refs/remotes/origin/main
verify	Check out the exact application revision	2026-09-19T17:42:56.0181819Z From https://github.com/marcoakes/ZenJev
verify	Check out the exact application revision	2026-09-19T17:42:56.0182568Z  * [new ref]         88afc37003b2f6e12339ea8f1156bd62e3d8a34e -> origin/main
verify	Check out the exact application revision	2026-09-19T17:42:56.0183768Z ##[endgroup]
verify	Check out the exact application revision	2026-09-19T17:42:56.0184133Z ##[group]Determining the checkout info
verify	Check out the exact application revision	2026-09-19T17:42:56.0184537Z ##[endgroup]
verify	Check out the exact application revision	2026-09-19T17:42:56.0186560Z [command]/usr/bin/git sparse-checkout disable
verify	Check out the exact application revision	2026-09-19T17:42:56.0259123Z [command]/usr/bin/git config --local --unset-all extensions.worktreeConfig
verify	Check out the exact application revision	2026-09-19T17:42:56.0294426Z ##[group]Checking out the ref
verify	Check out the exact application revision	2026-09-19T17:42:56.0316273Z [command]/usr/bin/git checkout --progress --force -B main refs/remotes/origin/main
verify	Check out the exact application revision	2026-09-19T17:42:56.0561532Z Switched to a new branch 'main'
verify	Check out the exact application revision	2026-09-19T17:42:56.0568174Z branch 'main' set up to track 'origin/main'.
verify	Check out the exact application revision	2026-09-19T17:42:56.0582215Z ##[endgroup]
verify	Check out the exact application revision	2026-09-19T17:42:56.0628106Z [command]/usr/bin/git log -1 --format=%H
verify	Check out the exact application revision	2026-09-19T17:42:56.0670995Z 88afc37003b2f6e12339ea8f1156bd62e3d8a34e
verify	Check out the exact application revision	2026-09-19T17:42:56.0690182Z ##[group]Removing auth
verify	Check out the exact application revision	2026-09-19T17:42:56.0692782Z [command]/usr/bin/git config --local --name-only --get-regexp core\.sshCommand
verify	Check out the exact application revision	2026-09-19T17:42:56.0732075Z [command]/usr/bin/git submodule foreach --recursive sh -c "git config --local --name-only --get-regexp 'core\.sshCommand' && git config --local --unset-all 'core.sshCommand' || :"
verify	Check out the exact application revision	2026-09-19T17:42:56.0980340Z [command]/usr/bin/git config --local --name-only --get-regexp http\.https\:\/\/github\.com\/\.extraheader
verify	Check out the exact application revision	2026-09-19T17:42:56.1012759Z http.https://github.com/.extraheader
verify	Check out the exact application revision	2026-09-19T17:42:56.1022021Z [command]/usr/bin/git config --local --unset-all http.https://github.com/.extraheader
verify	Check out the exact application revision	2026-09-19T17:42:56.1066981Z [command]/usr/bin/git submodule foreach --recursive sh -c "git config --local --name-only --get-regexp 'http\.https\:\/\/github\.com\/\.extraheader' && git config --local --unset-all 'http.https://github.com/.extraheader' || :"
verify	Check out the exact application revision	2026-09-19T17:42:56.1298687Z ##[endgroup]
verify	Check out the reviewed public Wringer harness	﻿2026-09-19T17:42:56.1557092Z Node 20 is being deprecated. This workflow is running with Node 24 by default. If you need to temporarily use Node 20, you can set the ACTIONS_ALLOW_USE_UNSECURE_NODE_VERSION=true environment variable. For more information see: https://github.blog/changelog/2025-09-19-deprecation-of-node-20-on-github-actions-runners/
verify	Check out the reviewed public Wringer harness	2026-09-19T17:42:56.1558800Z ##[group]Run actions/checkout@11bd71901bbe5b1630ceea73d27597364c9af683
verify	Check out the reviewed public Wringer harness	2026-09-19T17:42:56.1559161Z with:
verify	Check out the reviewed public Wringer harness	2026-09-19T17:42:56.1559365Z   repository: marcoakes/wringer
verify	Check out the reviewed public Wringer harness	2026-09-19T17:42:56.1559643Z   ref: 7ca2fb58e4270ba70fc6f6fdf4a39e30d70d9cb4
verify	Check out the reviewed public Wringer harness	2026-09-19T17:42:56.1559929Z   path: wringer
verify	Check out the reviewed public Wringer harness	2026-09-19T17:42:56.1560138Z   persist-credentials: false
verify	Check out the reviewed public Wringer harness	2026-09-19T17:42:56.1563161Z   token: ***
verify	Check out the reviewed public Wringer harness	2026-09-19T17:42:56.1563375Z   ssh-strict: true
verify	Check out the reviewed public Wringer harness	2026-09-19T17:42:56.1563586Z   ssh-user: git
verify	Check out the reviewed public Wringer harness	2026-09-19T17:42:56.1563773Z   clean: true
verify	Check out the reviewed public Wringer harness	2026-09-19T17:42:56.1563978Z   sparse-checkout-cone-mode: true
verify	Check out the reviewed public Wringer harness	2026-09-19T17:42:56.1564236Z   fetch-depth: 1
verify	Check out the reviewed public Wringer harness	2026-09-19T17:42:56.1564430Z   fetch-tags: false
verify	Check out the reviewed public Wringer harness	2026-09-19T17:42:56.1564667Z   show-progress: true
verify	Check out the reviewed public Wringer harness	2026-09-19T17:42:56.1565057Z   lfs: false
verify	Check out the reviewed public Wringer harness	2026-09-19T17:42:56.1565245Z   submodules: false
verify	Check out the reviewed public Wringer harness	2026-09-19T17:42:56.1565451Z   set-safe-directory: true
verify	Check out the reviewed public Wringer harness	2026-09-19T17:42:56.1565680Z ##[endgroup]
verify	Check out the reviewed public Wringer harness	2026-09-19T17:42:56.2461663Z Syncing repository: marcoakes/wringer
verify	Check out the reviewed public Wringer harness	2026-09-19T17:42:56.2470952Z ##[group]Getting Git version info
verify	Check out the reviewed public Wringer harness	2026-09-19T17:42:56.2484310Z Working directory is '/home/runner/work/ZenJev/ZenJev/wringer'
verify	Check out the reviewed public Wringer harness	2026-09-19T17:42:56.2531244Z [command]/usr/bin/git version
verify	Check out the reviewed public Wringer harness	2026-09-19T17:42:56.2573447Z git version 2.55.0
verify	Check out the reviewed public Wringer harness	2026-09-19T17:42:56.2652533Z ##[endgroup]
verify	Check out the reviewed public Wringer harness	2026-09-19T17:42:56.2686251Z Temporarily overriding HOME='/home/runner/work/_temp/b9bcb3a3-3fd4-4b81-a4dc-dc63d45ff650' before making global git config changes
verify	Check out the reviewed public Wringer harness	2026-09-19T17:42:56.2711261Z Adding repository directory to the temporary git global config as a safe directory
verify	Check out the reviewed public Wringer harness	2026-09-19T17:42:56.2721280Z [command]/usr/bin/git config --global --add safe.directory /home/runner/work/ZenJev/ZenJev/wringer
verify	Check out the reviewed public Wringer harness	2026-09-19T17:42:56.2773421Z ##[group]Initializing the repository
verify	Check out the reviewed public Wringer harness	2026-09-19T17:42:56.2791592Z [command]/usr/bin/git init /home/runner/work/ZenJev/ZenJev/wringer
verify	Check out the reviewed public Wringer harness	2026-09-19T17:42:56.2829791Z hint: Using 'master' as the name for the initial branch. This default branch name
verify	Check out the reviewed public Wringer harness	2026-09-19T17:42:56.2851279Z hint: will change to "main" in Git 3.0. To configure the initial branch name
verify	Check out the reviewed public Wringer harness	2026-09-19T17:42:56.2869848Z hint: to use in all of your new repositories, which will suppress this warning,
verify	Check out the reviewed public Wringer harness	2026-09-19T17:42:56.2872343Z hint: call:
verify	Check out the reviewed public Wringer harness	2026-09-19T17:42:56.2872771Z hint:
verify	Check out the reviewed public Wringer harness	2026-09-19T17:42:56.2873287Z hint: 	git config --global init.defaultBranch <name>
verify	Check out the reviewed public Wringer harness	2026-09-19T17:42:56.2873955Z hint:
verify	Check out the reviewed public Wringer harness	2026-09-19T17:42:56.2874532Z hint: Names commonly chosen instead of 'master' are 'main', 'trunk' and
verify	Check out the reviewed public Wringer harness	2026-09-19T17:42:56.2875471Z hint: 'development'. The just-created branch can be renamed via this command:
verify	Check out the reviewed public Wringer harness	2026-09-19T17:42:56.2876216Z hint:
verify	Check out the reviewed public Wringer harness	2026-09-19T17:42:56.2876624Z hint: 	git branch -m <name>
verify	Check out the reviewed public Wringer harness	2026-09-19T17:42:56.2877083Z hint:
verify	Check out the reviewed public Wringer harness	2026-09-19T17:42:56.2877719Z hint: Disable this message with "git config set advice.defaultBranchName false"
verify	Check out the reviewed public Wringer harness	2026-09-19T17:42:56.2878756Z Initialized empty Git repository in /home/runner/work/ZenJev/ZenJev/wringer/.git/
verify	Check out the reviewed public Wringer harness	2026-09-19T17:42:56.2880872Z [command]/usr/bin/git remote add origin https://github.com/marcoakes/wringer
verify	Check out the reviewed public Wringer harness	2026-09-19T17:42:56.2882907Z ##[endgroup]
verify	Check out the reviewed public Wringer harness	2026-09-19T17:42:56.2883749Z ##[group]Disabling automatic garbage collection
verify	Check out the reviewed public Wringer harness	2026-09-19T17:42:56.2884523Z [command]/usr/bin/git config --local gc.auto 0
verify	Check out the reviewed public Wringer harness	2026-09-19T17:42:56.2886113Z ##[endgroup]
verify	Check out the reviewed public Wringer harness	2026-09-19T17:42:56.2886807Z ##[group]Setting up auth
verify	Check out the reviewed public Wringer harness	2026-09-19T17:42:56.2887550Z [command]/usr/bin/git config --local --name-only --get-regexp core\.sshCommand
verify	Check out the reviewed public Wringer harness	2026-09-19T17:42:56.2959871Z [command]/usr/bin/git submodule foreach --recursive sh -c "git config --local --name-only --get-regexp 'core\.sshCommand' && git config --local --unset-all 'core.sshCommand' || :"
verify	Check out the reviewed public Wringer harness	2026-09-19T17:42:56.3250385Z [command]/usr/bin/git config --local --name-only --get-regexp http\.https\:\/\/github\.com\/\.extraheader
verify	Check out the reviewed public Wringer harness	2026-09-19T17:42:56.3307102Z [command]/usr/bin/git submodule foreach --recursive sh -c "git config --local --name-only --get-regexp 'http\.https\:\/\/github\.com\/\.extraheader' && git config --local --unset-all 'http.https://github.com/.extraheader' || :"
verify	Check out the reviewed public Wringer harness	2026-09-19T17:42:56.3941724Z [command]/usr/bin/git config --local http.https://github.com/.extraheader AUTHORIZATION: basic ***
verify	Check out the reviewed public Wringer harness	2026-09-19T17:42:56.4117389Z ##[endgroup]
verify	Check out the reviewed public Wringer harness	2026-09-19T17:42:56.4131486Z ##[group]Fetching the repository
verify	Check out the reviewed public Wringer harness	2026-09-19T17:42:56.4147441Z [command]/usr/bin/git -c protocol.version=2 fetch --no-tags --prune --no-recurse-submodules --depth=1 origin 7ca2fb58e4270ba70fc6f6fdf4a39e30d70d9cb4
verify	Check out the reviewed public Wringer harness	2026-09-19T17:42:57.5577022Z From https://github.com/marcoakes/wringer
verify	Check out the reviewed public Wringer harness	2026-09-19T17:42:57.5577850Z  * branch            7ca2fb58e4270ba70fc6f6fdf4a39e30d70d9cb4 -> FETCH_HEAD
verify	Check out the reviewed public Wringer harness	2026-09-19T17:42:57.5585655Z ##[endgroup]
verify	Check out the reviewed public Wringer harness	2026-09-19T17:42:57.5586800Z ##[group]Determining the checkout info
verify	Check out the reviewed public Wringer harness	2026-09-19T17:42:57.5588251Z ##[endgroup]
verify	Check out the reviewed public Wringer harness	2026-09-19T17:42:57.5597146Z [command]/usr/bin/git sparse-checkout disable
verify	Check out the reviewed public Wringer harness	2026-09-19T17:42:57.5647559Z [command]/usr/bin/git config --local --unset-all extensions.worktreeConfig
verify	Check out the reviewed public Wringer harness	2026-09-19T17:42:57.5681621Z ##[group]Checking out the ref
verify	Check out the reviewed public Wringer harness	2026-09-19T17:42:57.5687235Z [command]/usr/bin/git checkout --progress --force 7ca2fb58e4270ba70fc6f6fdf4a39e30d70d9cb4
verify	Check out the reviewed public Wringer harness	2026-09-19T17:42:57.6528775Z Note: switching to '7ca2fb58e4270ba70fc6f6fdf4a39e30d70d9cb4'.
verify	Check out the reviewed public Wringer harness	2026-09-19T17:42:57.6529361Z 
verify	Check out the reviewed public Wringer harness	2026-09-19T17:42:57.6542896Z You are in 'detached HEAD' state. You can look around, make experimental
verify	Check out the reviewed public Wringer harness	2026-09-19T17:42:57.6543938Z changes and commit them, and you can discard any commits you make in this
verify	Check out the reviewed public Wringer harness	2026-09-19T17:42:57.6545058Z state without impacting any branches by switching back to a branch.
verify	Check out the reviewed public Wringer harness	2026-09-19T17:42:57.6545806Z 
verify	Check out the reviewed public Wringer harness	2026-09-19T17:42:57.6546394Z If you want to create a new branch to retain commits you create, you may
verify	Check out the reviewed public Wringer harness	2026-09-19T17:42:57.6547421Z do so (now or later) by using -c with the switch command. Example:
verify	Check out the reviewed public Wringer harness	2026-09-19T17:42:57.6548151Z 
verify	Check out the reviewed public Wringer harness	2026-09-19T17:42:57.6548507Z   git switch -c <new-branch-name>
verify	Check out the reviewed public Wringer harness	2026-09-19T17:42:57.6548988Z 
verify	Check out the reviewed public Wringer harness	2026-09-19T17:42:57.6549371Z Or undo this operation with:
verify	Check out the reviewed public Wringer harness	2026-09-19T17:42:57.6549799Z 
verify	Check out the reviewed public Wringer harness	2026-09-19T17:42:57.6550138Z   git switch -
verify	Check out the reviewed public Wringer harness	2026-09-19T17:42:57.6550773Z 
verify	Check out the reviewed public Wringer harness	2026-09-19T17:42:57.6551522Z Turn off this advice by setting config variable advice.detachedHead to false
verify	Check out the reviewed public Wringer harness	2026-09-19T17:42:57.6552507Z 
verify	Check out the reviewed public Wringer harness	2026-09-19T17:42:57.6553420Z HEAD is now at 7ca2fb5 1.0.0-alpha.14 — the repairs a live run asked for
verify	Check out the reviewed public Wringer harness	2026-09-19T17:42:57.6555503Z ##[endgroup]
verify	Check out the reviewed public Wringer harness	2026-09-19T17:42:57.6596845Z [command]/usr/bin/git log -1 --format=%H
verify	Check out the reviewed public Wringer harness	2026-09-19T17:42:57.6636701Z 7ca2fb58e4270ba70fc6f6fdf4a39e30d70d9cb4
verify	Check out the reviewed public Wringer harness	2026-09-19T17:42:57.6645647Z ##[group]Removing auth
verify	Check out the reviewed public Wringer harness	2026-09-19T17:42:57.6650346Z [command]/usr/bin/git config --local --name-only --get-regexp core\.sshCommand
verify	Check out the reviewed public Wringer harness	2026-09-19T17:42:57.6686918Z [command]/usr/bin/git submodule foreach --recursive sh -c "git config --local --name-only --get-regexp 'core\.sshCommand' && git config --local --unset-all 'core.sshCommand' || :"
verify	Check out the reviewed public Wringer harness	2026-09-19T17:42:57.6925569Z [command]/usr/bin/git config --local --name-only --get-regexp http\.https\:\/\/github\.com\/\.extraheader
verify	Check out the reviewed public Wringer harness	2026-09-19T17:42:57.6954547Z http.https://github.com/.extraheader
verify	Check out the reviewed public Wringer harness	2026-09-19T17:42:57.6968684Z [command]/usr/bin/git config --local --unset-all http.https://github.com/.extraheader
verify	Check out the reviewed public Wringer harness	2026-09-19T17:42:57.7007221Z [command]/usr/bin/git submodule foreach --recursive sh -c "git config --local --name-only --get-regexp 'http\.https\:\/\/github\.com\/\.extraheader' && git config --local --unset-all 'http.https://github.com/.extraheader' || :"
verify	Check out the reviewed public Wringer harness	2026-09-19T17:42:57.7247519Z ##[endgroup]
verify	Install Node 24	﻿2026-09-19T17:42:57.7424003Z Node 20 is being deprecated. This workflow is running with Node 24 by default. If you need to temporarily use Node 20, you can set the ACTIONS_ALLOW_USE_UNSECURE_NODE_VERSION=true environment variable. For more information see: https://github.blog/changelog/2025-09-19-deprecation-of-node-20-on-github-actions-runners/
verify	Install Node 24	2026-09-19T17:42:57.7425373Z ##[group]Run actions/setup-node@49933ea5288caeca8642d1e84afbd3f7d6820020
verify	Install Node 24	2026-09-19T17:42:57.7425745Z with:
verify	Install Node 24	2026-09-19T17:42:57.7425933Z   node-version: 24
verify	Install Node 24	2026-09-19T17:42:57.7426130Z   cache: npm
verify	Install Node 24	2026-09-19T17:42:57.7426367Z   cache-dependency-path: ZenJev/package-lock.json
verify	Install Node 24	2026-09-19T17:42:57.7426680Z   always-auth: false
verify	Install Node 24	2026-09-19T17:42:57.7426888Z   check-latest: false
verify	Install Node 24	2026-09-19T17:42:57.7429375Z   token: ***
verify	Install Node 24	2026-09-19T17:42:57.7429571Z ##[endgroup]
verify	Install Node 24	2026-09-19T17:42:57.9173893Z Found in cache @ /opt/hostedtoolcache/node/24.20.0/x64
verify	Install Node 24	2026-09-19T17:42:57.9177031Z (node:2796) [DEP0040] DeprecationWarning: The `punycode` module is deprecated. Please use a userland alternative instead.
verify	Install Node 24	2026-09-19T17:42:57.9181045Z ##[group]Environment details
verify	Install Node 24	2026-09-19T17:42:57.9188061Z (Use `node --trace-deprecation ...` to show where the warning was created)
verify	Install Node 24	2026-09-19T17:43:00.8403063Z node: v24.20.0
verify	Install Node 24	2026-09-19T17:43:00.8405146Z npm: 11.19.0
verify	Install Node 24	2026-09-19T17:43:00.8405913Z yarn: 1.22.22
verify	Install Node 24	2026-09-19T17:43:00.8407405Z ##[endgroup]
verify	Install Node 24	2026-09-19T17:43:00.8459343Z [command]/opt/hostedtoolcache/node/24.20.0/x64/bin/npm config get cache
verify	Install Node 24	2026-09-19T17:43:01.1674043Z /home/runner/.npm
verify	Install Node 24	2026-09-19T17:43:01.4281428Z Cache hit for: node-cache-Linux-x64-npm-32b6a32d2ea433695d52b0ac012e077799bfa186190fd6cef3eeabd1819f020a
verify	Install Node 24	2026-09-19T17:43:01.4385566Z (node:2796) [DEP0169] DeprecationWarning: `url.parse()` behavior is not standardized and prone to errors that have security implications. Use the WHATWG URL API instead. CVEs are not issued for `url.parse()` vulnerabilities.
verify	Install Node 24	2026-09-19T17:43:02.6965944Z Received 4194304 of 218735199 (1.9%), 4.0 MBs/sec
verify	Install Node 24	2026-09-19T17:43:03.7271241Z Received 134217728 of 218735199 (61.4%), 63.0 MBs/sec
verify	Install Node 24	2026-09-19T17:43:04.3071126Z Received 218735199 of 218735199 (100.0%), 79.7 MBs/sec
verify	Install Node 24	2026-09-19T17:43:04.3078211Z Cache Size: ~209 MB (218735199 B)
verify	Install Node 24	2026-09-19T17:43:04.3114310Z [command]/usr/bin/tar -xf /home/runner/work/_temp/fd84dee2-7ed2-4085-ae2e-c33af3434c71/cache.tzst -P -C /home/runner/work/ZenJev/ZenJev --use-compress-program unzstd
verify	Install Node 24	2026-09-19T17:43:04.8230715Z Cache restored successfully
verify	Install Node 24	2026-09-19T17:43:04.8331874Z Cache restored from key: node-cache-Linux-x64-npm-32b6a32d2ea433695d52b0ac012e077799bfa186190fd6cef3eeabd1819f020a
verify	Install pinned Bun for Wringer	﻿2026-09-19T17:43:04.8544396Z Node 20 is being deprecated. This workflow is running with Node 24 by default. If you need to temporarily use Node 20, you can set the ACTIONS_ALLOW_USE_UNSECURE_NODE_VERSION=true environment variable. For more information see: https://github.blog/changelog/2025-09-19-deprecation-of-node-20-on-github-actions-runners/
verify	Install pinned Bun for Wringer	2026-09-19T17:43:04.8545770Z ##[group]Run oven-sh/setup-bun@735343b667d3e6f658f44d0eca948eb6282f2b76
verify	Install pinned Bun for Wringer	2026-09-19T17:43:04.8546138Z with:
verify	Install pinned Bun for Wringer	2026-09-19T17:43:04.8546329Z   bun-version: 1.4.2
verify	Install pinned Bun for Wringer	2026-09-19T17:43:04.8546548Z   no-cache: false
verify	Install pinned Bun for Wringer	2026-09-19T17:43:04.8546746Z ##[endgroup]
verify	Install pinned Bun for Wringer	2026-09-19T17:43:04.9973891Z (node:2924) [DEP0040] DeprecationWarning: The `punycode` module is deprecated. Please use a userland alternative instead.
verify	Install pinned Bun for Wringer	2026-09-19T17:43:04.9975555Z (Use `node --trace-deprecation ...` to show where the warning was created)
verify	Install pinned Bun for Wringer	2026-09-19T17:43:05.2432117Z Cache hit for: Oe9u7NHSlRPRv8zbcT5YQCF7MDM=
verify	Install pinned Bun for Wringer	2026-09-19T17:43:05.2555421Z (node:2924) [DEP0169] DeprecationWarning: `url.parse()` behavior is not standardized and prone to errors that have security implications. Use the WHATWG URL API instead. CVEs are not issued for `url.parse()` vulnerabilities.
verify	Install pinned Bun for Wringer	2026-09-19T17:43:06.5100177Z Received 4194304 of 35684131 (11.8%), 4.0 MBs/sec
verify	Install pinned Bun for Wringer	2026-09-19T17:43:06.7223555Z Received 35684131 of 35684131 (100.0%), 28.1 MBs/sec
verify	Install pinned Bun for Wringer	2026-09-19T17:43:06.7224878Z Cache Size: ~34 MB (35684131 B)
verify	Install pinned Bun for Wringer	2026-09-19T17:43:06.7265361Z [command]/usr/bin/tar -xf /home/runner/work/_temp/8217f419-da2e-4947-87eb-1b7ba97e7226/cache.tzst -P -C /home/runner/work/ZenJev/ZenJev --use-compress-program unzstd
verify	Install pinned Bun for Wringer	2026-09-19T17:43:06.8877158Z Cache restored successfully
verify	Install pinned Bun for Wringer	2026-09-19T17:43:06.8912014Z [command]/home/runner/.bun/bin/bun --revision
verify	Install pinned Bun for Wringer	2026-09-19T17:43:06.8949462Z 1.4.2+744846f84
verify	Install pinned Bun for Wringer	2026-09-19T17:43:06.8962004Z Using a cached version of Bun: 1.4.2+744846f84
verify	Install application dependencies without lifecycle scripts	﻿2026-09-19T17:43:06.9086883Z ##[group]Run mkdir -p work/ci
verify	Install application dependencies without lifecycle scripts	2026-09-19T17:43:06.9087272Z ^[[36;1mmkdir -p work/ci^[[0m
verify	Install application dependencies without lifecycle scripts	2026-09-19T17:43:06.9087822Z ^[[36;1menv -i PATH="$PATH" HOME="$HOME" npm ci --ignore-scripts --no-audit --no-fund 2>&1 | tee work/ci/npm-ci.log^[[0m
verify	Install application dependencies without lifecycle scripts	2026-09-19T17:43:06.9088468Z ^[[36;1mnode scripts/setup.mjs 2>&1 | tee work/ci/setup.log^[[0m
verify	Install application dependencies without lifecycle scripts	2026-09-19T17:43:06.9186509Z shell: /usr/bin/bash --noprofile --norc -e -o pipefail {0}
verify	Install application dependencies without lifecycle scripts	2026-09-19T17:43:06.9186958Z ##[endgroup]
verify	Install application dependencies without lifecycle scripts	2026-09-19T17:43:14.8620177Z npm warn deprecated eslint@9.39.5: This version is no longer supported. Please see https://eslint.org/version-support for other options.
verify	Install application dependencies without lifecycle scripts	2026-09-19T17:43:22.2672468Z 
verify	Install application dependencies without lifecycle scripts	2026-09-19T17:43:22.2711426Z added 464 packages in 15s
verify	Install application dependencies without lifecycle scripts	2026-09-19T17:43:24.3971762Z Prisma schema loaded from prisma/schema.prisma
verify	Install application dependencies without lifecycle scripts	2026-09-19T17:43:25.0420302Z 
verify	Install application dependencies without lifecycle scripts	2026-09-19T17:43:25.0442214Z ✔ Generated Prisma Client (v6.19.3) to ./node_modules/@prisma/client in 282ms
verify	Install application dependencies without lifecycle scripts	2026-09-19T17:43:25.0450699Z 
verify	Install application dependencies without lifecycle scripts	2026-09-19T17:43:25.0471634Z Start by importing your Prisma Client (See: https://pris.ly/d/importing-client)
verify	Install application dependencies without lifecycle scripts	2026-09-19T17:43:25.0480789Z 
verify	Install application dependencies without lifecycle scripts	2026-09-19T17:43:25.0501393Z Tip: Want to turn off tips and other hints? https://pris.ly/tip-4-nohints
verify	Install application dependencies without lifecycle scripts	2026-09-19T17:43:25.0502053Z 
verify	Install the pinned Chromium and system dependencies	﻿2026-09-19T17:43:25.0927779Z ##[group]Run env -i PATH="$PATH" HOME="$HOME" node node_modules/@playwright/test/cli.js install --with-deps chromium 2>&1 | tee work/ci/browser-install.log
verify	Install the pinned Chromium and system dependencies	2026-09-19T17:43:25.0929672Z ^[[36;1menv -i PATH="$PATH" HOME="$HOME" node node_modules/@playwright/test/cli.js install --with-deps chromium 2>&1 | tee work/ci/browser-install.log^[[0m
verify	Install the pinned Chromium and system dependencies	2026-09-19T17:43:25.1016585Z shell: /usr/bin/bash --noprofile --norc -e -o pipefail {0}
verify	Install the pinned Chromium and system dependencies	2026-09-19T17:43:25.1017209Z ##[endgroup]
verify	Install the pinned Chromium and system dependencies	2026-09-19T17:43:25.9161425Z Installing dependencies...
verify	Install the pinned Chromium and system dependencies	2026-09-19T17:43:25.9361785Z Switching to root user to install dependencies...
verify	Install the pinned Chromium and system dependencies	2026-09-19T17:43:26.1982108Z Get:1 file:/etc/apt/apt-mirrors.txt Mirrorlist [144 B]
verify	Install the pinned Chromium and system dependencies	2026-09-19T17:43:26.2545385Z Get:6 https://packages.microsoft.com/ubuntu/24.04/prod noble InRelease [3600 B]
verify	Install the pinned Chromium and system dependencies	2026-09-19T17:43:26.2893844Z Hit:2 http://azure.archive.ubuntu.com/ubuntu noble InRelease
verify	Install the pinned Chromium and system dependencies	2026-09-19T17:43:26.2968579Z Get:3 http://azure.archive.ubuntu.com/ubuntu noble-updates InRelease [126 kB]
verify	Install the pinned Chromium and system dependencies	2026-09-19T17:43:26.3143192Z Get:4 http://azure.archive.ubuntu.com/ubuntu noble-backports InRelease [126 kB]
verify	Install the pinned Chromium and system dependencies	2026-09-19T17:43:26.3241665Z Get:5 http://azure.archive.ubuntu.com/ubuntu noble-security InRelease [126 kB]
verify	Install the pinned Chromium and system dependencies	2026-09-19T17:43:26.4052912Z Get:7 https://packages.microsoft.com/ubuntu/24.04/prod noble/main arm64 Packages [429 kB]
verify	Install the pinned Chromium and system dependencies	2026-09-19T17:43:26.4103234Z Get:8 https://dl.google.com/linux/chrome-stable/deb stable InRelease [2548 B]
verify	Install the pinned Chromium and system dependencies	2026-09-19T17:43:26.4321895Z Get:9 https://packages.microsoft.com/ubuntu/24.04/prod noble/main amd64 Packages [478 kB]
verify	Install the pinned Chromium and system dependencies	2026-09-19T17:43:26.6010310Z Get:10 http://azure.archive.ubuntu.com/ubuntu noble-updates/main amd64 Packages [1275 kB]
verify	Install the pinned Chromium and system dependencies	2026-09-19T17:43:26.6139942Z Get:11 http://azure.archive.ubuntu.com/ubuntu noble-updates/main Translation-en [294 kB]
verify	Install the pinned Chromium and system dependencies	2026-09-19T17:43:26.6201659Z Get:12 http://azure.archive.ubuntu.com/ubuntu noble-updates/main amd64 Components [180 kB]
verify	Install the pinned Chromium and system dependencies	2026-09-19T17:43:26.6262170Z Get:13 http://azure.archive.ubuntu.com/ubuntu noble-updates/universe amd64 Packages [1689 kB]
verify	Install the pinned Chromium and system dependencies	2026-09-19T17:43:26.6512719Z Get:14 http://azure.archive.ubuntu.com/ubuntu noble-updates/universe Translation-en [338 kB]
verify	Install the pinned Chromium and system dependencies	2026-09-19T17:43:26.6551534Z Get:15 http://azure.archive.ubuntu.com/ubuntu noble-updates/universe amd64 Components [388 kB]
verify	Install the pinned Chromium and system dependencies	2026-09-19T17:43:26.6611805Z Get:16 http://azure.archive.ubuntu.com/ubuntu noble-updates/restricted amd64 Packages [1580 kB]
verify	Install the pinned Chromium and system dependencies	2026-09-19T17:43:26.6789839Z Get:17 http://azure.archive.ubuntu.com/ubuntu noble-updates/restricted Translation-en [359 kB]
verify	Install the pinned Chromium and system dependencies	2026-09-19T17:43:26.6851621Z Get:18 http://azure.archive.ubuntu.com/ubuntu noble-updates/multiverse amd64 Packages [45.7 kB]
verify	Install the pinned Chromium and system dependencies	2026-09-19T17:43:26.6861975Z Get:19 http://azure.archive.ubuntu.com/ubuntu noble-updates/multiverse Translation-en [13.1 kB]
verify	Install the pinned Chromium and system dependencies	2026-09-19T17:43:26.7321819Z Get:20 http://azure.archive.ubuntu.com/ubuntu noble-updates/multiverse amd64 Components [940 B]
verify	Install the pinned Chromium and system dependencies	2026-09-19T17:43:26.7622864Z Get:21 http://azure.archive.ubuntu.com/ubuntu noble-backports/main amd64 Packages [65.9 kB]
verify	Install the pinned Chromium and system dependencies	2026-09-19T17:43:26.7635668Z Get:22 http://azure.archive.ubuntu.com/ubuntu noble-backports/main amd64 Components [5764 B]
verify	Install the pinned Chromium and system dependencies	2026-09-19T17:43:26.7665418Z Get:23 http://azure.archive.ubuntu.com/ubuntu noble-backports/universe amd64 Packages [34.6 kB]
verify	Install the pinned Chromium and system dependencies	2026-09-19T17:43:26.7701701Z Get:24 http://azure.archive.ubuntu.com/ubuntu noble-backports/universe Translation-en [18.7 kB]
verify	Install the pinned Chromium and system dependencies	2026-09-19T17:43:26.7741736Z Get:25 http://azure.archive.ubuntu.com/ubuntu noble-backports/universe amd64 Components [12.6 kB]
verify	Install the pinned Chromium and system dependencies	2026-09-19T17:43:26.9073398Z Get:26 http://azure.archive.ubuntu.com/ubuntu noble-security/main amd64 Packages [1009 kB]
verify	Install the pinned Chromium and system dependencies	2026-09-19T17:43:26.9222259Z Get:27 http://azure.archive.ubuntu.com/ubuntu noble-security/main Translation-en [214 kB]
verify	Install the pinned Chromium and system dependencies	2026-09-19T17:43:26.9271968Z Get:28 http://azure.archive.ubuntu.com/ubuntu noble-security/main amd64 Components [46.3 kB]
verify	Install the pinned Chromium and system dependencies	2026-09-19T17:43:26.9295870Z Get:29 http://azure.archive.ubuntu.com/ubuntu noble-security/universe amd64 Packages [1208 kB]
verify	Install the pinned Chromium and system dependencies	2026-09-19T17:43:26.9391372Z Get:30 http://azure.archive.ubuntu.com/ubuntu noble-security/universe Translation-en [243 kB]
verify	Install the pinned Chromium and system dependencies	2026-09-19T17:43:26.9451900Z Get:31 http://azure.archive.ubuntu.com/ubuntu noble-security/universe amd64 Components [76.2 kB]
verify	Install the pinned Chromium and system dependencies	2026-09-19T17:43:26.9491991Z Get:32 http://azure.archive.ubuntu.com/ubuntu noble-security/restricted amd64 Packages [1449 kB]
verify	Install the pinned Chromium and system dependencies	2026-09-19T17:43:26.9641865Z Get:33 http://azure.archive.ubuntu.com/ubuntu noble-security/restricted Translation-en [336 kB]
verify	Install the pinned Chromium and system dependencies	2026-09-19T17:43:27.0140701Z Get:34 http://azure.archive.ubuntu.com/ubuntu noble-security/multiverse Translation-en [11.3 kB]
verify	Install the pinned Chromium and system dependencies	2026-09-19T17:43:27.1451768Z Get:35 https://dl.google.com/linux/chrome-stable/deb stable/main amd64 Packages [1408 B]
verify	Install the pinned Chromium and system dependencies	2026-09-19T17:43:31.4522506Z Fetched 12.2 MB in 2s (5954 kB/s)
verify	Install the pinned Chromium and system dependencies	2026-09-19T17:43:32.2462116Z Reading package lists...
verify	Install the pinned Chromium and system dependencies	2026-09-19T17:43:32.2691584Z Reading package lists...
verify	Install the pinned Chromium and system dependencies	2026-09-19T17:43:32.4351315Z Building dependency tree...
verify	Install the pinned Chromium and system dependencies	2026-09-19T17:43:32.4360451Z Reading state information...
verify	Install the pinned Chromium and system dependencies	2026-09-19T17:43:32.5688832Z libasound2t64 is already the newest version (1.2.11-1ubuntu0.3).
verify	Install the pinned Chromium and system dependencies	2026-09-19T17:43:32.5690772Z libasound2t64 set to manually installed.
verify	Install the pinned Chromium and system dependencies	2026-09-19T17:43:32.5691889Z libatk-bridge2.0-0t64 is already the newest version (2.52.0-1build1).
verify	Install the pinned Chromium and system dependencies	2026-09-19T17:43:32.5704677Z libatk-bridge2.0-0t64 set to manually installed.
verify	Install the pinned Chromium and system dependencies	2026-09-19T17:43:32.5715415Z libatk1.0-0t64 is already the newest version (2.52.0-1build1).
verify	Install the pinned Chromium and system dependencies	2026-09-19T17:43:32.5716253Z libatk1.0-0t64 set to manually installed.
verify	Install the pinned Chromium and system dependencies	2026-09-19T17:43:32.5731935Z libatspi2.0-0t64 is already the newest version (2.52.0-1build1).
verify	Install the pinned Chromium and system dependencies	2026-09-19T17:43:32.5732983Z libatspi2.0-0t64 set to manually installed.
verify	Install the pinned Chromium and system dependencies	2026-09-19T17:43:32.5734010Z libcairo2 is already the newest version (1.18.0-3build1).
verify	Install the pinned Chromium and system dependencies	2026-09-19T17:43:32.5734945Z libcairo2 set to manually installed.
verify	Install the pinned Chromium and system dependencies	2026-09-19T17:43:32.5735887Z libcups2t64 is already the newest version (2.4.7-1.2ubuntu7.14).
verify	Install the pinned Chromium and system dependencies	2026-09-19T17:43:32.5736817Z libcups2t64 set to manually installed.
verify	Install the pinned Chromium and system dependencies	2026-09-19T17:43:32.5737714Z libdbus-1-3 is already the newest version (1.14.10-4ubuntu4.1).
verify	Install the pinned Chromium and system dependencies	2026-09-19T17:43:32.5738604Z libdbus-1-3 set to manually installed.
verify	Install the pinned Chromium and system dependencies	2026-09-19T17:43:32.5739510Z libdrm2 is already the newest version (2.4.125-1ubuntu0.1~24.04.2).
verify	Install the pinned Chromium and system dependencies	2026-09-19T17:43:32.5740392Z libdrm2 set to manually installed.
verify	Install the pinned Chromium and system dependencies	2026-09-19T17:43:32.5741482Z libgbm1 is already the newest version (25.2.8-0ubuntu0.24.04.2).
verify	Install the pinned Chromium and system dependencies	2026-09-19T17:43:32.5742339Z libgbm1 set to manually installed.
verify	Install the pinned Chromium and system dependencies	2026-09-19T17:43:32.5743225Z libglib2.0-0t64 is already the newest version (2.80.0-6ubuntu3.8).
verify	Install the pinned Chromium and system dependencies	2026-09-19T17:43:32.5744141Z libglib2.0-0t64 set to manually installed.
verify	Install the pinned Chromium and system dependencies	2026-09-19T17:43:32.5745024Z libnspr4 is already the newest version (2:4.35-1.1build1).
verify	Install the pinned Chromium and system dependencies	2026-09-19T17:43:32.5745872Z libnspr4 set to manually installed.
verify	Install the pinned Chromium and system dependencies	2026-09-19T17:43:32.5746722Z libnss3 is already the newest version (2:3.98-1ubuntu0.2).
verify	Install the pinned Chromium and system dependencies	2026-09-19T17:43:32.5747640Z libnss3 set to manually installed.
verify	Install the pinned Chromium and system dependencies	2026-09-19T17:43:32.5748531Z libpango-1.0-0 is already the newest version (1.52.1+ds-1build1).
verify	Install the pinned Chromium and system dependencies	2026-09-19T17:43:32.5749429Z libpango-1.0-0 set to manually installed.
verify	Install the pinned Chromium and system dependencies	2026-09-19T17:43:32.5750297Z libx11-6 is already the newest version (2:1.8.7-1build1).
verify	Install the pinned Chromium and system dependencies	2026-09-19T17:43:32.5751414Z libx11-6 set to manually installed.
verify	Install the pinned Chromium and system dependencies	2026-09-19T17:43:32.5752221Z libxcb1 is already the newest version (1.15-1ubuntu2).
verify	Install the pinned Chromium and system dependencies	2026-09-19T17:43:32.5753032Z libxcb1 set to manually installed.
verify	Install the pinned Chromium and system dependencies	2026-09-19T17:43:32.5753931Z libxcomposite1 is already the newest version (1:0.4.5-1build3).
verify	Install the pinned Chromium and system dependencies	2026-09-19T17:43:32.5754850Z libxcomposite1 set to manually installed.
verify	Install the pinned Chromium and system dependencies	2026-09-19T17:43:32.5755759Z libxdamage1 is already the newest version (1:1.1.6-1build1).
verify	Install the pinned Chromium and system dependencies	2026-09-19T17:43:32.5756646Z libxdamage1 set to manually installed.
verify	Install the pinned Chromium and system dependencies	2026-09-19T17:43:32.5757504Z libxext6 is already the newest version (2:1.3.4-1build2).
verify	Install the pinned Chromium and system dependencies	2026-09-19T17:43:32.5758341Z libxext6 set to manually installed.
verify	Install the pinned Chromium and system dependencies	2026-09-19T17:43:32.5759196Z libxfixes3 is already the newest version (1:6.0.0-2build1).
verify	Install the pinned Chromium and system dependencies	2026-09-19T17:43:32.5760339Z libxfixes3 set to manually installed.
verify	Install the pinned Chromium and system dependencies	2026-09-19T17:43:32.5761444Z libxkbcommon0 is already the newest version (1.6.0-1build1).
verify	Install the pinned Chromium and system dependencies	2026-09-19T17:43:32.5762542Z libxkbcommon0 set to manually installed.
verify	Install the pinned Chromium and system dependencies	2026-09-19T17:43:32.5763439Z libxrandr2 is already the newest version (2:1.5.2-2build1).
verify	Install the pinned Chromium and system dependencies	2026-09-19T17:43:32.5764300Z libxrandr2 set to manually installed.
verify	Install the pinned Chromium and system dependencies	2026-09-19T17:43:32.5765152Z xvfb is already the newest version (2:21.1.12-1ubuntu1.6).
verify	Install the pinned Chromium and system dependencies	2026-09-19T17:43:32.5766285Z fonts-noto-color-emoji is already the newest version (2.047-0ubuntu0.24.04.1).
verify	Install the pinned Chromium and system dependencies	2026-09-19T17:43:32.5767613Z libfontconfig1 is already the newest version (2.15.0-1.1ubuntu2).
verify	Install the pinned Chromium and system dependencies	2026-09-19T17:43:32.5768774Z libfontconfig1 set to manually installed.
verify	Install the pinned Chromium and system dependencies	2026-09-19T17:43:32.5769749Z libfreetype6 is already the newest version (2.13.2+dfsg-1ubuntu0.1).
verify	Install the pinned Chromium and system dependencies	2026-09-19T17:43:32.5770856Z libfreetype6 set to manually installed.
verify	Install the pinned Chromium and system dependencies	2026-09-19T17:43:32.5771771Z fonts-liberation is already the newest version (1:2.1.5-3).
verify	Install the pinned Chromium and system dependencies	2026-09-19T17:43:32.5772686Z fonts-liberation set to manually installed.
verify	Install the pinned Chromium and system dependencies	2026-09-19T17:43:32.5773570Z The following additional packages will be installed:
verify	Install the pinned Chromium and system dependencies	2026-09-19T17:43:32.5774374Z   xfonts-encodings xfonts-utils
verify	Install the pinned Chromium and system dependencies	2026-09-19T17:43:32.5775081Z Recommended packages:
verify	Install the pinned Chromium and system dependencies	2026-09-19T17:43:32.5775729Z   fonts-ipafont-mincho fonts-tlwg-loma
verify	Install the pinned Chromium and system dependencies	2026-09-19T17:43:32.5883494Z The following NEW packages will be installed:
verify	Install the pinned Chromium and system dependencies	2026-09-19T17:43:32.5885652Z   fonts-freefont-ttf fonts-ipafont-gothic fonts-tlwg-loma-otf fonts-unifont
verify	Install the pinned Chromium and system dependencies	2026-09-19T17:43:32.5890531Z   fonts-wqy-zenhei xfonts-cyrillic xfonts-encodings xfonts-scalable
verify	Install the pinned Chromium and system dependencies	2026-09-19T17:43:32.5892295Z   xfonts-utils
verify	Install the pinned Chromium and system dependencies	2026-09-19T17:43:32.6067566Z 0 upgraded, 9 newly installed, 0 to remove and 73 not upgraded.
verify	Install the pinned Chromium and system dependencies	2026-09-19T17:43:32.6069591Z Need to get 21.1 MB of archives.
verify	Install the pinned Chromium and system dependencies	2026-09-19T17:43:32.6071434Z After this operation, 79.5 MB of additional disk space will be used.
verify	Install the pinned Chromium and system dependencies	2026-09-19T17:43:32.6072632Z Get:1 file:/etc/apt/apt-mirrors.txt Mirrorlist [144 B]
verify	Install the pinned Chromium and system dependencies	2026-09-19T17:43:32.6835905Z Get:2 http://azure.archive.ubuntu.com/ubuntu noble/universe amd64 fonts-ipafont-gothic all 00303-21ubuntu1 [3513 kB]
verify	Install the pinned Chromium and system dependencies	2026-09-19T17:43:32.9005213Z Get:3 http://azure.archive.ubuntu.com/ubuntu noble/main amd64 fonts-freefont-ttf all 20211204+svn4273-2 [5641 kB]
verify	Install the pinned Chromium and system dependencies	2026-09-19T17:43:33.1630289Z Get:4 http://azure.archive.ubuntu.com/ubuntu noble/universe amd64 fonts-tlwg-loma-otf all 1:0.7.3-1 [107 kB]
verify	Install the pinned Chromium and system dependencies	2026-09-19T17:43:33.2855516Z Get:5 http://azure.archive.ubuntu.com/ubuntu noble/universe amd64 fonts-unifont all 1:15.1.01-1build1 [2993 kB]
verify	Install the pinned Chromium and system dependencies	2026-09-19T17:43:33.8399538Z Get:6 http://azure.archive.ubuntu.com/ubuntu noble/universe amd64 fonts-wqy-zenhei all 0.9.45-8 [7472 kB]
verify	Install the pinned Chromium and system dependencies	2026-09-19T17:43:34.0392812Z Get:7 http://azure.archive.ubuntu.com/ubuntu noble/main amd64 xfonts-encodings all 1:1.0.5-0ubuntu2 [578 kB]
verify	Install the pinned Chromium and system dependencies	2026-09-19T17:43:34.1032445Z Get:8 http://azure.archive.ubuntu.com/ubuntu noble/main amd64 xfonts-utils amd64 1:7.7+6build3 [94.4 kB]
verify	Install the pinned Chromium and system dependencies	2026-09-19T17:43:34.1634724Z Get:9 http://azure.archive.ubuntu.com/ubuntu noble/universe amd64 xfonts-cyrillic all 1:1.0.5+nmu1 [384 kB]
verify	Install the pinned Chromium and system dependencies	2026-09-19T17:43:34.5582743Z Get:10 http://azure.archive.ubuntu.com/ubuntu noble/main amd64 xfonts-scalable all 1:1.0.3-1.3 [304 kB]
verify	Install the pinned Chromium and system dependencies	2026-09-19T17:43:34.9479126Z Fetched 21.1 MB in 2s (10.0 MB/s)
verify	Install the pinned Chromium and system dependencies	2026-09-19T17:43:34.9734018Z Selecting previously unselected package fonts-ipafont-gothic.
verify	Install the pinned Chromium and system dependencies	2026-09-19T17:43:35.0029303Z (Reading database ... 
verify	Install the pinned Chromium and system dependencies	2026-09-19T17:43:35.0030341Z (Reading database ... 5%
verify	Install the pinned Chromium and system dependencies	2026-09-19T17:43:35.0037242Z (Reading database ... 10%
verify	Install the pinned Chromium and system dependencies	2026-09-19T17:43:35.0038472Z (Reading database ... 15%
verify	Install the pinned Chromium and system dependencies	2026-09-19T17:43:35.0041566Z (Reading database ... 20%
verify	Install the pinned Chromium and system dependencies	2026-09-19T17:43:35.0042872Z (Reading database ... 25%
verify	Install the pinned Chromium and system dependencies	2026-09-19T17:43:35.0044442Z (Reading database ... 30%
verify	Install the pinned Chromium and system dependencies	2026-09-19T17:43:35.0045583Z (Reading database ... 35%
verify	Install the pinned Chromium and system dependencies	2026-09-19T17:43:35.0047095Z (Reading database ... 40%
verify	Install the pinned Chromium and system dependencies	2026-09-19T17:43:35.0048123Z (Reading database ... 45%
verify	Install the pinned Chromium and system dependencies	2026-09-19T17:43:35.0048736Z (Reading database ... 50%
verify	Install the pinned Chromium and system dependencies	2026-09-19T17:43:35.0079788Z (Reading database ... 55%
verify	Install the pinned Chromium and system dependencies	2026-09-19T17:43:35.1538226Z (Reading database ... 60%
verify	Install the pinned Chromium and system dependencies	2026-09-19T17:43:35.3498519Z (Reading database ... 65%
verify	Install the pinned Chromium and system dependencies	2026-09-19T17:43:35.5036843Z (Reading database ... 70%
verify	Install the pinned Chromium and system dependencies	2026-09-19T17:43:35.6963303Z (Reading database ... 75%
verify	Install the pinned Chromium and system dependencies	2026-09-19T17:43:35.9044862Z (Reading database ... 80%
verify	Install the pinned Chromium and system dependencies	2026-09-19T17:43:36.0971638Z (Reading database ... 85%
verify	Install the pinned Chromium and system dependencies	2026-09-19T17:43:36.3477529Z (Reading database ... 90%
verify	Install the pinned Chromium and system dependencies	2026-09-19T17:43:36.5371813Z (Reading database ... 95%
verify	Install the pinned Chromium and system dependencies	2026-09-19T17:43:36.5372465Z (Reading database ... 100%
verify	Install the pinned Chromium and system dependencies	2026-09-19T17:43:36.5373523Z (Reading database ... 201818 files and directories currently installed.)
verify	Install the pinned Chromium and system dependencies	2026-09-19T17:43:36.5408199Z Preparing to unpack .../0-fonts-ipafont-gothic_00303-21ubuntu1_all.deb ...
verify	Install the pinned Chromium and system dependencies	2026-09-19T17:43:36.5501750Z Unpacking fonts-ipafont-gothic (00303-21ubuntu1) ...
verify	Install the pinned Chromium and system dependencies	2026-09-19T17:43:36.7845409Z Selecting previously unselected package fonts-freefont-ttf.
verify	Install the pinned Chromium and system dependencies	2026-09-19T17:43:36.7969161Z Preparing to unpack .../1-fonts-freefont-ttf_20211204+svn4273-2_all.deb ...
verify	Install the pinned Chromium and system dependencies	2026-09-19T17:43:36.7975477Z Unpacking fonts-freefont-ttf (20211204+svn4273-2) ...
verify	Install the pinned Chromium and system dependencies	2026-09-19T17:43:36.8809141Z Selecting previously unselected package fonts-tlwg-loma-otf.
verify	Install the pinned Chromium and system dependencies	2026-09-19T17:43:36.8932419Z Preparing to unpack .../2-fonts-tlwg-loma-otf_1%3a0.7.3-1_all.deb ...
verify	Install the pinned Chromium and system dependencies	2026-09-19T17:43:36.8946568Z Unpacking fonts-tlwg-loma-otf (1:0.7.3-1) ...
verify	Install the pinned Chromium and system dependencies	2026-09-19T17:43:36.9161751Z Selecting previously unselected package fonts-unifont.
verify	Install the pinned Chromium and system dependencies	2026-09-19T17:43:36.9282089Z Preparing to unpack .../3-fonts-unifont_1%3a15.1.01-1build1_all.deb ...
verify	Install the pinned Chromium and system dependencies	2026-09-19T17:43:36.9295962Z Unpacking fonts-unifont (1:15.1.01-1build1) ...
verify	Install the pinned Chromium and system dependencies	2026-09-19T17:43:37.0432111Z Selecting previously unselected package fonts-wqy-zenhei.
verify	Install the pinned Chromium and system dependencies	2026-09-19T17:43:37.0549764Z Preparing to unpack .../4-fonts-wqy-zenhei_0.9.45-8_all.deb ...
verify	Install the pinned Chromium and system dependencies	2026-09-19T17:43:37.0653287Z Unpacking fonts-wqy-zenhei (0.9.45-8) ...
verify	Install the pinned Chromium and system dependencies	2026-09-19T17:43:37.5361868Z Selecting previously unselected package xfonts-encodings.
verify	Install the pinned Chromium and system dependencies	2026-09-19T17:43:37.5483947Z Preparing to unpack .../5-xfonts-encodings_1%3a1.0.5-0ubuntu2_all.deb ...
verify	Install the pinned Chromium and system dependencies	2026-09-19T17:43:37.5491834Z Unpacking xfonts-encodings (1:1.0.5-0ubuntu2) ...
verify	Install the pinned Chromium and system dependencies	2026-09-19T17:43:37.5798543Z Selecting previously unselected package xfonts-utils.
verify	Install the pinned Chromium and system dependencies	2026-09-19T17:43:37.5925049Z Preparing to unpack .../6-xfonts-utils_1%3a7.7+6build3_amd64.deb ...
verify	Install the pinned Chromium and system dependencies	2026-09-19T17:43:37.5935041Z Unpacking xfonts-utils (1:7.7+6build3) ...
verify	Install the pinned Chromium and system dependencies	2026-09-19T17:43:37.6296298Z Selecting previously unselected package xfonts-cyrillic.
verify	Install the pinned Chromium and system dependencies	2026-09-19T17:43:37.6421862Z Preparing to unpack .../7-xfonts-cyrillic_1%3a1.0.5+nmu1_all.deb ...
verify	Install the pinned Chromium and system dependencies	2026-09-19T17:43:37.6431219Z Unpacking xfonts-cyrillic (1:1.0.5+nmu1) ...
verify	Install the pinned Chromium and system dependencies	2026-09-19T17:43:37.6804688Z Selecting previously unselected package xfonts-scalable.
verify	Install the pinned Chromium and system dependencies	2026-09-19T17:43:37.6929368Z Preparing to unpack .../8-xfonts-scalable_1%3a1.0.3-1.3_all.deb ...
verify	Install the pinned Chromium and system dependencies	2026-09-19T17:43:37.6945232Z Unpacking xfonts-scalable (1:1.0.3-1.3) ...
verify	Install the pinned Chromium and system dependencies	2026-09-19T17:43:37.7371612Z Setting up fonts-wqy-zenhei (0.9.45-8) ...
verify	Install the pinned Chromium and system dependencies	2026-09-19T17:43:37.7496707Z Setting up fonts-freefont-ttf (20211204+svn4273-2) ...
verify	Install the pinned Chromium and system dependencies	2026-09-19T17:43:37.7523546Z Setting up fonts-tlwg-loma-otf (1:0.7.3-1) ...
verify	Install the pinned Chromium and system dependencies	2026-09-19T17:43:37.7543700Z Setting up xfonts-encodings (1:1.0.5-0ubuntu2) ...
verify	Install the pinned Chromium and system dependencies	2026-09-19T17:43:37.7567659Z Setting up fonts-ipafont-gothic (00303-21ubuntu1) ...
verify	Install the pinned Chromium and system dependencies	2026-09-19T17:43:37.7636908Z update-alternatives: using /usr/share/fonts/opentype/ipafont-gothic/ipag.ttf to provide /usr/share/fonts/truetype/fonts-japanese-gothic.ttf (fonts-japanese-gothic.ttf) in auto mode
verify	Install the pinned Chromium and system dependencies	2026-09-19T17:43:37.7651928Z Setting up fonts-unifont (1:15.1.01-1build1) ...
verify	Install the pinned Chromium and system dependencies	2026-09-19T17:43:37.7676672Z Setting up xfonts-utils (1:7.7+6build3) ...
verify	Install the pinned Chromium and system dependencies	2026-09-19T17:43:37.7718793Z Setting up xfonts-cyrillic (1:1.0.5+nmu1) ...
verify	Install the pinned Chromium and system dependencies	2026-09-19T17:43:37.8020946Z Setting up xfonts-scalable (1:1.0.3-1.3) ...
verify	Install the pinned Chromium and system dependencies	2026-09-19T17:43:37.8311404Z Processing triggers for man-db (2.12.0-4build2) ...
verify	Install the pinned Chromium and system dependencies	2026-09-19T17:43:37.8333184Z Not building database; man-db/auto-update is not 'true'.
verify	Install the pinned Chromium and system dependencies	2026-09-19T17:43:37.8346701Z Processing triggers for fontconfig (2.15.0-1.1ubuntu2) ...
verify	Install the pinned Chromium and system dependencies	2026-09-19T17:43:38.6911311Z 
verify	Install the pinned Chromium and system dependencies	2026-09-19T17:43:38.6921738Z Running kernel seems to be up-to-date.
verify	Install the pinned Chromium and system dependencies	2026-09-19T17:43:38.6938237Z 
verify	Install the pinned Chromium and system dependencies	2026-09-19T17:43:38.6938703Z No services need to be restarted.
verify	Install the pinned Chromium and system dependencies	2026-09-19T17:43:38.6949430Z 
verify	Install the pinned Chromium and system dependencies	2026-09-19T17:43:38.6969304Z No containers need to be restarted.
verify	Install the pinned Chromium and system dependencies	2026-09-19T17:43:38.6981276Z 
verify	Install the pinned Chromium and system dependencies	2026-09-19T17:43:38.6981816Z No user sessions are running outdated binaries.
verify	Install the pinned Chromium and system dependencies	2026-09-19T17:43:38.6982512Z 
verify	Install the pinned Chromium and system dependencies	2026-09-19T17:43:38.6983409Z No VM guests are running outdated hypervisor (qemu) binaries on this host.
verify	Install the pinned Chromium and system dependencies	2026-09-19T17:43:39.6661126Z Downloading Chrome for Testing 153.0.8010.12 (playwright chromium v1243) from https://cdn.playwright.dev/builds/cft/153.0.8010.12/linux64/chrome-linux64.zip
verify	Install the pinned Chromium and system dependencies	2026-09-19T17:43:40.1763885Z |                                                                                |   0% of 186.8 MiB
verify	Install the pinned Chromium and system dependencies	2026-09-19T17:43:40.4654323Z |■■■■■■■■                                                                        |  10% of 186.8 MiB
verify	Install the pinned Chromium and system dependencies	2026-09-19T17:43:40.5873228Z |■■■■■■■■■■■■■■■■                                                                |  20% of 186.8 MiB
verify	Install the pinned Chromium and system dependencies	2026-09-19T17:43:40.7394755Z |■■■■■■■■■■■■■■■■■■■■■■■■                                                        |  30% of 186.8 MiB
verify	Install the pinned Chromium and system dependencies	2026-09-19T17:43:40.8363831Z |■■■■■■■■■■■■■■■■■■■■■■■■■■■■■■■■                                                |  40% of 186.8 MiB
verify	Install the pinned Chromium and system dependencies	2026-09-19T17:43:40.9660325Z |■■■■■■■■■■■■■■■■■■■■■■■■■■■■■■■■■■■■■■■■                                        |  50% of 186.8 MiB
verify	Install the pinned Chromium and system dependencies	2026-09-19T17:43:41.1192448Z |■■■■■■■■■■■■■■■■■■■■■■■■■■■■■■■■■■■■■■■■■■■■■■■■                                |  60% of 186.8 MiB
verify	Install the pinned Chromium and system dependencies	2026-09-19T17:43:41.2123791Z |■■■■■■■■■■■■■■■■■■■■■■■■■■■■■■■■■■■■■■■■■■■■■■■■■■■■■■■■                        |  70% of 186.8 MiB
verify	Install the pinned Chromium and system dependencies	2026-09-19T17:43:41.3412363Z |■■■■■■■■■■■■■■■■■■■■■■■■■■■■■■■■■■■■■■■■■■■■■■■■■■■■■■■■■■■■■■■■                |  80% of 186.8 MiB
verify	Install the pinned Chromium and system dependencies	2026-09-19T17:43:41.5043142Z |■■■■■■■■■■■■■■■■■■■■■■■■■■■■■■■■■■■■■■■■■■■■■■■■■■■■■■■■■■■■■■■■■■■■■■■■        |  90% of 186.8 MiB
verify	Install the pinned Chromium and system dependencies	2026-09-19T17:43:41.6572583Z |■■■■■■■■■■■■■■■■■■■■■■■■■■■■■■■■■■■■■■■■■■■■■■■■■■■■■■■■■■■■■■■■■■■■■■■■■■■■■■■■| 100% of 186.8 MiB
verify	Install the pinned Chromium and system dependencies	2026-09-19T17:43:45.7956360Z Chrome for Testing 153.0.8010.12 (playwright chromium v1243) downloaded to /home/runner/.cache/ms-playwright/chromium-1243
verify	Install the pinned Chromium and system dependencies	2026-09-19T17:43:45.7958771Z Downloading FFmpeg (playwright ffmpeg v1011) from https://cdn.playwright.dev/dbazure/download/playwright/builds/ffmpeg/1011/ffmpeg-linux.zip
verify	Install the pinned Chromium and system dependencies	2026-09-19T17:43:46.3320885Z |                                                                                |   0% of 2.3 MiB
verify	Install the pinned Chromium and system dependencies	2026-09-19T17:43:46.3382570Z |■■■■■■■■                                                                        |  10% of 2.3 MiB
verify	Install the pinned Chromium and system dependencies	2026-09-19T17:43:46.3431457Z |■■■■■■■■■■■■■■■■                                                                |  20% of 2.3 MiB
verify	Install the pinned Chromium and system dependencies	2026-09-19T17:43:46.3454312Z |■■■■■■■■■■■■■■■■■■■■■■■■                                                        |  30% of 2.3 MiB
verify	Install the pinned Chromium and system dependencies	2026-09-19T17:43:46.3541425Z |■■■■■■■■■■■■■■■■■■■■■■■■■■■■■■■■                                                |  40% of 2.3 MiB
verify	Install the pinned Chromium and system dependencies	2026-09-19T17:43:46.3590263Z |■■■■■■■■■■■■■■■■■■■■■■■■■■■■■■■■■■■■■■■■                                        |  50% of 2.3 MiB
verify	Install the pinned Chromium and system dependencies	2026-09-19T17:43:46.3614506Z |■■■■■■■■■■■■■■■■■■■■■■■■■■■■■■■■■■■■■■■■■■■■■■■■                                |  60% of 2.3 MiB
verify	Install the pinned Chromium and system dependencies	2026-09-19T17:43:46.3635621Z |■■■■■■■■■■■■■■■■■■■■■■■■■■■■■■■■■■■■■■■■■■■■■■■■■■■■■■■■                        |  70% of 2.3 MiB
verify	Install the pinned Chromium and system dependencies	2026-09-19T17:43:46.3664556Z |■■■■■■■■■■■■■■■■■■■■■■■■■■■■■■■■■■■■■■■■■■■■■■■■■■■■■■■■■■■■■■■■                |  80% of 2.3 MiB
verify	Install the pinned Chromium and system dependencies	2026-09-19T17:43:46.3684367Z |■■■■■■■■■■■■■■■■■■■■■■■■■■■■■■■■■■■■■■■■■■■■■■■■■■■■■■■■■■■■■■■■■■■■■■■■        |  90% of 2.3 MiB
verify	Install the pinned Chromium and system dependencies	2026-09-19T17:43:46.3696556Z |■■■■■■■■■■■■■■■■■■■■■■■■■■■■■■■■■■■■■■■■■■■■■■■■■■■■■■■■■■■■■■■■■■■■■■■■■■■■■■■■| 100% of 2.3 MiB
verify	Install the pinned Chromium and system dependencies	2026-09-19T17:43:46.4415314Z FFmpeg (playwright ffmpeg v1011) downloaded to /home/runner/.cache/ms-playwright/ffmpeg-1011
verify	Install the pinned Chromium and system dependencies	2026-09-19T17:43:46.4418796Z Downloading Chrome Headless Shell 153.0.8010.12 (playwright chromium-headless-shell v1243) from https://cdn.playwright.dev/builds/cft/153.0.8010.12/linux64/chrome-headless-shell-linux64.zip
verify	Install the pinned Chromium and system dependencies	2026-09-19T17:43:47.8799920Z |                                                                                |   0% of 114.3 MiB
verify	Install the pinned Chromium and system dependencies	2026-09-19T17:43:48.0129158Z |■■■■■■■■                                                                        |  10% of 114.3 MiB
verify	Install the pinned Chromium and system dependencies	2026-09-19T17:43:48.1912202Z |■■■■■■■■■■■■■■■■                                                                |  20% of 114.3 MiB
verify	Install the pinned Chromium and system dependencies	2026-09-19T17:43:48.2823530Z |■■■■■■■■■■■■■■■■■■■■■■■■                                                        |  30% of 114.3 MiB
verify	Install the pinned Chromium and system dependencies	2026-09-19T17:43:48.3605600Z |■■■■■■■■■■■■■■■■■■■■■■■■■■■■■■■■                                                |  40% of 114.3 MiB
verify	Install the pinned Chromium and system dependencies	2026-09-19T17:43:48.4686670Z |■■■■■■■■■■■■■■■■■■■■■■■■■■■■■■■■■■■■■■■■                                        |  50% of 114.3 MiB
verify	Install the pinned Chromium and system dependencies	2026-09-19T17:43:48.5423582Z |■■■■■■■■■■■■■■■■■■■■■■■■■■■■■■■■■■■■■■■■■■■■■■■■                                |  60% of 114.3 MiB
verify	Install the pinned Chromium and system dependencies	2026-09-19T17:43:48.6524247Z |■■■■■■■■■■■■■■■■■■■■■■■■■■■■■■■■■■■■■■■■■■■■■■■■■■■■■■■■                        |  70% of 114.3 MiB
verify	Install the pinned Chromium and system dependencies	2026-09-19T17:43:48.8098860Z |■■■■■■■■■■■■■■■■■■■■■■■■■■■■■■■■■■■■■■■■■■■■■■■■■■■■■■■■■■■■■■■■                |  80% of 114.3 MiB
verify	Install the pinned Chromium and system dependencies	2026-09-19T17:43:48.9279820Z |■■■■■■■■■■■■■■■■■■■■■■■■■■■■■■■■■■■■■■■■■■■■■■■■■■■■■■■■■■■■■■■■■■■■■■■■        |  90% of 114.3 MiB
verify	Install the pinned Chromium and system dependencies	2026-09-19T17:43:49.0132244Z |■■■■■■■■■■■■■■■■■■■■■■■■■■■■■■■■■■■■■■■■■■■■■■■■■■■■■■■■■■■■■■■■■■■■■■■■■■■■■■■■| 100% of 114.3 MiB
verify	Install the pinned Chromium and system dependencies	2026-09-19T17:43:52.2147126Z Chrome Headless Shell 153.0.8010.12 (playwright chromium-headless-shell v1243) downloaded to /home/runner/.cache/ms-playwright/chromium_headless_shell-1243
verify	Build the exact Wringer revision	﻿2026-09-19T17:43:52.2387624Z ##[group]Run test "$(git rev-parse HEAD)" = 7ca2fb58e4270ba70fc6f6fdf4a39e30d70d9cb4
verify	Build the exact Wringer revision	2026-09-19T17:43:52.2388262Z ^[[36;1mtest "$(git rev-parse HEAD)" = 7ca2fb58e4270ba70fc6f6fdf4a39e30d70d9cb4^[[0m
verify	Build the exact Wringer revision	2026-09-19T17:43:52.2389006Z ^[[36;1menv -i PATH="$PATH" HOME="$HOME" bun install --frozen-lockfile --ignore-scripts 2>&1 | tee ../ZenJev/work/ci/wringer-install.log^[[0m
verify	Build the exact Wringer revision	2026-09-19T17:43:52.2389970Z ^[[36;1menv -i PATH="$PATH" HOME="$HOME" bun run build 2>&1 | tee ../ZenJev/work/ci/wringer-build.log^[[0m
verify	Build the exact Wringer revision	2026-09-19T17:43:52.2428014Z shell: /usr/bin/bash --noprofile --norc -e -o pipefail {0}
verify	Build the exact Wringer revision	2026-09-19T17:43:52.2428629Z ##[endgroup]
verify	Build the exact Wringer revision	2026-09-19T17:43:52.2553300Z bun install v1.4.2 (744846f84)
verify	Build the exact Wringer revision	2026-09-19T17:43:52.4714998Z 
verify	Build the exact Wringer revision	2026-09-19T17:43:52.4721992Z + @types/bun@1.4.1
verify	Build the exact Wringer revision	2026-09-19T17:43:52.4722860Z + playwright@1.63.0
verify	Build the exact Wringer revision	2026-09-19T17:43:52.4723612Z + typescript@5.9.3
verify	Build the exact Wringer revision	2026-09-19T17:43:52.4724562Z + ajv@8.20.0
verify	Build the exact Wringer revision	2026-09-19T17:43:52.4725295Z + ajv-formats@3.0.1
verify	Build the exact Wringer revision	2026-09-19T17:43:52.4725848Z 
verify	Build the exact Wringer revision	2026-09-19T17:43:52.4726476Z 14 packages installed [218.00ms]
verify	Build the exact Wringer revision	2026-09-19T17:43:52.4776919Z $ bun run scripts/build.ts
verify	Build the exact Wringer revision	2026-09-19T17:43:52.8387196Z  [340ms]  bundle  308 modules
verify	Build the exact Wringer revision	2026-09-19T17:43:52.9712474Z  [131ms] compile  dist/wring
verify	Build the exact Wringer revision	2026-09-19T17:43:53.3065961Z  [311ms]  bundle  308 modules
verify	Build the exact Wringer revision	2026-09-19T17:43:53.4318760Z  [125ms] compile  dist/wringer-headless
verify	Build the exact Wringer revision	2026-09-19T17:43:53.7551717Z  [306ms]  bundle  304 modules
verify	Build the exact Wringer revision	2026-09-19T17:43:53.8792079Z  [123ms] compile  dist/wringer-assistant
verify	Build the exact Wringer revision	2026-09-19T17:43:53.9042481Z    [5ms]  bundle  3 modules
verify	Build the exact Wringer revision	2026-09-19T17:43:54.0252825Z  [122ms] compile  dist/wringer-figma-broker
verify	Build the exact Wringer revision	2026-09-19T17:43:54.3082334Z Native distribution: /home/runner/work/ZenJev/ZenJev/wringer/dist
verify	Build the exact Wringer revision	2026-09-19T17:43:54.3084239Z Documentation: 125 carried reference files; 14 private/local evidence links explicitly omitted.
verify	Verify native persistence, recovery and production browser workflows	﻿2026-09-19T17:43:54.3171713Z ##[group]Run node scripts/ci-verify.mjs
verify	Verify native persistence, recovery and production browser workflows	2026-09-19T17:43:54.3172167Z ^[[36;1mnode scripts/ci-verify.mjs^[[0m
verify	Verify native persistence, recovery and production browser workflows	2026-09-19T17:43:54.3209226Z shell: /usr/bin/bash --noprofile --norc -e -o pipefail {0}
verify	Verify native persistence, recovery and production browser workflows	2026-09-19T17:43:54.3209775Z env:
verify	Verify native persistence, recovery and production browser workflows	2026-09-19T17:43:54.3210213Z   WRINGER_BINARY: /home/runner/work/ZenJev/ZenJev/wringer/dist/wring
verify	Verify native persistence, recovery and production browser workflows	2026-09-19T17:43:54.3211176Z   WRINGER_REPOSITORY: /home/runner/work/ZenJev/ZenJev/wringer
verify	Verify native persistence, recovery and production browser workflows	2026-09-19T17:43:54.3211639Z ##[endgroup]
verify	Verify native persistence, recovery and production browser workflows	2026-09-19T17:43:55.5161555Z Prisma schema loaded from prisma/schema.prisma
verify	Verify native persistence, recovery and production browser workflows	2026-09-19T17:43:55.5251779Z Datasource "db": PostgreSQL database "zenjev_demo", schema "public" at "127.0.0.1:55432"
verify	Verify native persistence, recovery and production browser workflows	2026-09-19T17:43:55.5913016Z 
verify	Verify native persistence, recovery and production browser workflows	2026-09-19T17:43:55.5914950Z 5 migrations found in prisma/migrations
verify	Verify native persistence, recovery and production browser workflows	2026-09-19T17:43:55.5918207Z 
verify	Verify native persistence, recovery and production browser workflows	2026-09-19T17:43:55.6597582Z Applying migration `202609190001_initial`
verify	Verify native persistence, recovery and production browser workflows	2026-09-19T17:43:55.6902589Z Applying migration `202609190002_audit_append_only`
verify	Verify native persistence, recovery and production browser workflows	2026-09-19T17:43:55.6940856Z Applying migration `202609190003_backlink_parent`
verify	Verify native persistence, recovery and production browser workflows	2026-09-19T17:43:55.6974599Z Applying migration `202609190004_export_rate`
verify	Verify native persistence, recovery and production browser workflows	2026-09-19T17:43:55.6998927Z Applying migration `202609190005_configurable_policy`
verify	Verify native persistence, recovery and production browser workflows	2026-09-19T17:43:55.7071595Z 
verify	Verify native persistence, recovery and production browser workflows	2026-09-19T17:43:55.7080830Z ┌─────────────────────────────────────────────────────────┐
verify	Verify native persistence, recovery and production browser workflows	2026-09-19T17:43:55.7081635Z The following migration(s) have been applied:
verify	Verify native persistence, recovery and production browser workflows	2026-09-19T17:43:55.7084673Z │  Update available 6.19.3 -> 8.0.0-rc.15                 │
verify	Verify native persistence, recovery and production browser workflows	2026-09-19T17:43:55.7085184Z 
verify	Verify native persistence, recovery and production browser workflows	2026-09-19T17:43:55.7086042Z │                                                         │
verify	Verify native persistence, recovery and production browser workflows	2026-09-19T17:43:55.7086640Z migrations/
verify	Verify native persistence, recovery and production browser workflows	2026-09-19T17:43:55.7087736Z │  This is a major update - please follow the guide at    │
verify	Verify native persistence, recovery and production browser workflows	2026-09-19T17:43:55.7088543Z   └─ 202609190001_initial/
verify	Verify native persistence, recovery and production browser workflows	2026-09-19T17:43:55.7089718Z │  https://pris.ly/d/major-version-upgrade                │
verify	Verify native persistence, recovery and production browser workflows	2026-09-19T17:43:55.7091070Z     └─ migration.sql
verify	Verify native persistence, recovery and production browser workflows	2026-09-19T17:43:55.7092217Z │                                                         │
verify	Verify native persistence, recovery and production browser workflows	2026-09-19T17:43:55.7092967Z   └─ 202609190002_audit_append_only/
verify	Verify native persistence, recovery and production browser workflows	2026-09-19T17:43:55.7094134Z │  Run the following to update                            │
verify	Verify native persistence, recovery and production browser workflows	2026-09-19T17:43:55.7094809Z     └─ migration.sql
verify	Verify native persistence, recovery and production browser workflows	2026-09-19T17:43:55.7096056Z │    npm i --save-dev prisma@latest                       │
verify	Verify native persistence, recovery and production browser workflows	2026-09-19T17:43:55.7096851Z   └─ 202609190003_backlink_parent/
verify	Verify native persistence, recovery and production browser workflows	2026-09-19T17:43:55.7101893Z │    npm i @prisma/client@latest                          │
verify	Verify native persistence, recovery and production browser workflows	2026-09-19T17:43:55.7102594Z     └─ migration.sql
verify	Verify native persistence, recovery and production browser workflows	2026-09-19T17:43:55.7103642Z └─────────────────────────────────────────────────────────┘
verify	Verify native persistence, recovery and production browser workflows	2026-09-19T17:43:55.7104672Z   └─ 202609190004_export_rate/
verify	Verify native persistence, recovery and production browser workflows	2026-09-19T17:43:55.7105526Z     └─ migration.sql
verify	Verify native persistence, recovery and production browser workflows	2026-09-19T17:43:55.7106291Z   └─ 202609190005_configurable_policy/
verify	Verify native persistence, recovery and production browser workflows	2026-09-19T17:43:55.7107100Z     └─ migration.sql
verify	Verify native persistence, recovery and production browser workflows	2026-09-19T17:43:55.7107679Z       
verify	Verify native persistence, recovery and production browser workflows	2026-09-19T17:43:55.7108416Z All migrations have been successfully applied.
verify	Verify native persistence, recovery and production browser workflows	2026-09-19T17:43:56.8061831Z Prisma schema loaded from prisma/schema.prisma
verify	Verify native persistence, recovery and production browser workflows	2026-09-19T17:43:56.8125899Z Datasource "db": PostgreSQL database "zenjev_test", schema "public" at "127.0.0.1:55433"
verify	Verify native persistence, recovery and production browser workflows	2026-09-19T17:43:56.8799810Z 
verify	Verify native persistence, recovery and production browser workflows	2026-09-19T17:43:56.8800964Z 5 migrations found in prisma/migrations
verify	Verify native persistence, recovery and production browser workflows	2026-09-19T17:43:56.8801718Z 
verify	Verify native persistence, recovery and production browser workflows	2026-09-19T17:43:56.9449207Z Applying migration `202609190001_initial`
verify	Verify native persistence, recovery and production browser workflows	2026-09-19T17:43:56.9763753Z Applying migration `202609190002_audit_append_only`
verify	Verify native persistence, recovery and production browser workflows	2026-09-19T17:43:56.9800691Z Applying migration `202609190003_backlink_parent`
verify	Verify native persistence, recovery and production browser workflows	2026-09-19T17:43:56.9836131Z Applying migration `202609190004_export_rate`
verify	Verify native persistence, recovery and production browser workflows	2026-09-19T17:43:56.9861844Z Applying migration `202609190005_configurable_policy`
verify	Verify native persistence, recovery and production browser workflows	2026-09-19T17:43:56.9917354Z 
verify	Verify native persistence, recovery and production browser workflows	2026-09-19T17:43:56.9931746Z The following migration(s) have been applied:
verify	Verify native persistence, recovery and production browser workflows	2026-09-19T17:43:56.9941118Z 
verify	Verify native persistence, recovery and production browser workflows	2026-09-19T17:43:56.9941395Z migrations/
verify	Verify native persistence, recovery and production browser workflows	2026-09-19T17:43:56.9942056Z   └─ 202609190001_initial/
verify	Verify native persistence, recovery and production browser workflows	2026-09-19T17:43:56.9942570Z     └─ migration.sql
verify	Verify native persistence, recovery and production browser workflows	2026-09-19T17:43:56.9943146Z   └─ 202609190002_audit_append_only/
verify	Verify native persistence, recovery and production browser workflows	2026-09-19T17:43:56.9943689Z     └─ migration.sql
verify	Verify native persistence, recovery and production browser workflows	2026-09-19T17:43:56.9944208Z   └─ 202609190003_backlink_parent/
verify	Verify native persistence, recovery and production browser workflows	2026-09-19T17:43:56.9945166Z     └─ migration.sql
verify	Verify native persistence, recovery and production browser workflows	2026-09-19T17:43:56.9945548Z   └─ 202609190004_export_rate/
verify	Verify native persistence, recovery and production browser workflows	2026-09-19T17:43:56.9945870Z     └─ migration.sql
verify	Verify native persistence, recovery and production browser workflows	2026-09-19T17:43:56.9946208Z   └─ 202609190005_configurable_policy/
verify	Verify native persistence, recovery and production browser workflows	2026-09-19T17:43:56.9946552Z     └─ migration.sql
verify	Verify native persistence, recovery and production browser workflows	2026-09-19T17:43:56.9946792Z       
verify	Verify native persistence, recovery and production browser workflows	2026-09-19T17:43:56.9947126Z All migrations have been successfully applied.
verify	Verify native persistence, recovery and production browser workflows	2026-09-19T17:43:58.2116271Z {"tickets":100,"issues":20,"organizations":12,"labels":200,"pendingJobs":13}
verify	Verify native persistence, recovery and production browser workflows	2026-09-19T17:43:59.2767531Z {"tickets":100,"issues":20,"organizations":12,"labels":200,"pendingJobs":13}
verify	Verify native persistence, recovery and production browser workflows	2026-09-19T17:44:34.7679205Z {"status":"passed","failed_gate":null,"rerun":null,"evidence_dir":".wringer/runs/20260919-174359-f89310cd","template_only":false,"exit_code":0,"manifest":{"schema_version":"wringer.evidence.v1","run_id":"20260919-174359-f89310cd","started_at":"2026-09-19T17:43:59.677Z","repo":{"root":".","head_sha":"88afc37003b2f6e12339ea8f1156bd62e3d8a34e","branch":"main","dirty":false},"result":{"status":"passed","failed_gate":null}},"results":[{"gate_id":"lint","command":"node scripts/check.mjs lint","exit_code":0,"duration_ms":7015,"timed_out":false,"stdout_truncated":false,"stderr_truncated":false,"optional":false,"status":"passed"},{"gate_id":"typecheck","command":"node scripts/check.mjs typecheck","exit_code":0,"duration_ms":7908,"timed_out":false,"stdout_truncated":false,"stderr_truncated":false,"optional":false,"status":"passed"},{"gate_id":"production-build","command":"node scripts/check.mjs build","exit_code":0,"duration_ms":20030,"timed_out":false,"stdout_truncated":false,"stderr_truncated":false,"optional":false,"status":"passed"}]}
verify	Verify native persistence, recovery and production browser workflows	2026-09-19T17:44:45.1536832Z {"status":"passed","failed_gate":null,"rerun":null,"evidence_dir":".wringer/runs/20260919-174435-96a269c4","template_only":false,"exit_code":0,"manifest":{"schema_version":"wringer.evidence.v1","run_id":"20260919-174435-96a269c4","started_at":"2026-09-19T17:44:35.127Z","repo":{"root":".","head_sha":"88afc37003b2f6e12339ea8f1156bd62e3d8a34e","branch":"main","dirty":false},"result":{"status":"passed","failed_gate":null}},"results":[{"gate_id":"native-concurrency","command":"node scripts/check-native.mjs","exit_code":0,"duration_ms":9911,"timed_out":false,"stdout_truncated":false,"stderr_truncated":false,"optional":false,"status":"passed"}]}
verify	Verify native persistence, recovery and production browser workflows	2026-09-19T17:44:45.7241913Z ▲ Next.js 16.3.5
verify	Verify native persistence, recovery and production browser workflows	2026-09-19T17:44:45.7281485Z - Local:         http://127.0.0.1:3000
verify	Verify native persistence, recovery and production browser workflows	2026-09-19T17:44:45.7282518Z - Network:       http://127.0.0.1:3000
verify	Verify native persistence, recovery and production browser workflows	2026-09-19T17:44:45.7311251Z ✓ Ready in 278ms
verify	Verify native persistence, recovery and production browser workflows	2026-09-19T17:44:45.7432692Z ▲ Next.js 16.3.5
verify	Verify native persistence, recovery and production browser workflows	2026-09-19T17:44:45.7451246Z - Local:         http://127.0.0.1:3001
verify	Verify native persistence, recovery and production browser workflows	2026-09-19T17:44:45.7471156Z - Network:       http://127.0.0.1:3001
verify	Verify native persistence, recovery and production browser workflows	2026-09-19T17:44:45.7481242Z ✓ Ready in 353ms
verify	Verify native persistence, recovery and production browser workflows	2026-09-19T17:44:45.8381842Z ✓ Running next.config.ts took 83ms
verify	Verify native persistence, recovery and production browser workflows	2026-09-19T17:44:45.9331951Z ✓ Running next.config.ts took 202ms
verify	Verify native persistence, recovery and production browser workflows	2026-09-19T17:44:46.1622216Z {"event":"worker.started","workerId":"worker-4932","dataMode":"demo","jevMode":"mock"}
verify	Verify native persistence, recovery and production browser workflows	2026-09-19T17:45:30.5924080Z {"status":"passed","failed_gate":null,"rerun":null,"evidence_dir":".wringer/runs/20260919-174447-aaab6ba7","template_only":false,"exit_code":0,"manifest":{"schema_version":"wringer.evidence.v1","run_id":"20260919-174447-aaab6ba7","started_at":"2026-09-19T17:44:47.674Z","repo":{"root":".","head_sha":"88afc37003b2f6e12339ea8f1156bd62e3d8a34e","branch":"main","dirty":false},"result":{"status":"passed","failed_gate":null}},"results":[{"gate_id":"fresh-offline-setup","command":"node scripts/check-fresh-setup.mjs","exit_code":0,"duration_ms":8225,"timed_out":false,"stdout_truncated":false,"stderr_truncated":false,"optional":false,"status":"passed"},{"gate_id":"branding","command":"node --test checks/branding.test.mjs","exit_code":0,"duration_ms":146,"timed_out":false,"stdout_truncated":false,"stderr_truncated":false,"optional":false,"status":"passed"},{"gate_id":"domain-provider-contracts","command":"node scripts/check.mjs test tests/domain.test.ts tests/providers.test.ts tests/integration-smoke.test.ts tests/keychain-jev.test.ts","exit_code":0,"duration_ms":1899,"timed_out":false,"stdout_truncated":false,"stderr_truncated":false,"optional":false,"status":"passed"},{"gate_id":"persistence-workflow","command":"node scripts/check.mjs test tests/backend.test.ts tests/provider-integration-orchestration.test.ts","exit_code":0,"duration_ms":5655,"timed_out":false,"stdout_truncated":false,"stderr_truncated":false,"optional":false,"status":"passed"},{"gate_id":"browser","command":"node scripts/check.mjs browser tests/browser/workbench.spec.ts","exit_code":0,"duration_ms":26822,"timed_out":false,"stdout_truncated":false,"stderr_truncated":false,"optional":false,"status":"passed"}]}
verify	Verify native persistence, recovery and production browser workflows	2026-09-19T17:45:34.9557719Z {"status":"failed","failed_gate":"browser-auth","rerun":"wring verify --gate browser-auth","evidence_dir":".wringer/runs/20260919-174531-fac82314","template_only":false,"exit_code":1,"manifest":{"schema_version":"wringer.evidence.v1","run_id":"20260919-174531-fac82314","started_at":"2026-09-19T17:45:31.085Z","repo":{"root":".","head_sha":"88afc37003b2f6e12339ea8f1156bd62e3d8a34e","branch":"main","dirty":false},"result":{"status":"failed","failed_gate":"browser-auth"}},"results":[{"gate_id":"browser-auth","command":"node scripts/check.mjs browser tests/browser/auth.spec.ts","exit_code":1,"duration_ms":3743,"timed_out":false,"stdout_truncated":false,"stderr_truncated":false,"optional":false,"status":"failed"}]}
verify	Verify native persistence, recovery and production browser workflows	2026-09-19T17:45:34.9617606Z wringer-auth failed; inspect work/ci/wringer-auth.log
verify	Verify native persistence, recovery and production browser workflows	2026-09-19T17:45:35.9788444Z {"status":"failed","sourceCommit":"88afc37003b2f6e12339ea8f1156bd62e3d8a34e","report":"work/ci/verification.json"}
verify	Verify native persistence, recovery and production browser workflows	2026-09-19T17:45:35.9922047Z ##[error]Process completed with exit code 1.
verify	Preserve actual results, failure logs, browser traces and screenshots	﻿2026-09-19T17:45:36.0046583Z Node 20 is being deprecated. This workflow is running with Node 24 by default. If you need to temporarily use Node 20, you can set the ACTIONS_ALLOW_USE_UNSECURE_NODE_VERSION=true environment variable. For more information see: https://github.blog/changelog/2025-09-19-deprecation-of-node-20-on-github-actions-runners/
verify	Preserve actual results, failure logs, browser traces and screenshots	2026-09-19T17:45:36.0049077Z ##[group]Run actions/upload-artifact@ea165f8d65b6e75b540449e92b4886f43607fa02
verify	Preserve actual results, failure logs, browser traces and screenshots	2026-09-19T17:45:36.0049762Z with:
verify	Preserve actual results, failure logs, browser traces and screenshots	2026-09-19T17:45:36.0050316Z   name: zenjev-verification-88afc37003b2f6e12339ea8f1156bd62e3d8a34e-1
verify	Preserve actual results, failure logs, browser traces and screenshots	2026-09-19T17:45:36.0051303Z   retention-days: 14
verify	Preserve actual results, failure logs, browser traces and screenshots	2026-09-19T17:45:36.0051721Z   include-hidden-files: true
verify	Preserve actual results, failure logs, browser traces and screenshots	2026-09-19T17:45:36.0052164Z   if-no-files-found: warn
verify	Preserve actual results, failure logs, browser traces and screenshots	2026-09-19T17:45:36.0052919Z   path: ZenJev/work/ci/**
verify	Preserve actual results, failure logs, browser traces and screenshots	ZenJev/.wringer/runs/**
verify	Preserve actual results, failure logs, browser traces and screenshots	ZenJev/test-results/**
verify	Preserve actual results, failure logs, browser traces and screenshots	ZenJev/playwright-report/**
verify	Preserve actual results, failure logs, browser traces and screenshots	
verify	Preserve actual results, failure logs, browser traces and screenshots	2026-09-19T17:45:36.0053998Z   compression-level: 6
verify	Preserve actual results, failure logs, browser traces and screenshots	2026-09-19T17:45:36.0054392Z   overwrite: false
verify	Preserve actual results, failure logs, browser traces and screenshots	2026-09-19T17:45:36.0054752Z ##[endgroup]
verify	Preserve actual results, failure logs, browser traces and screenshots	2026-09-19T17:45:36.4192109Z (node:6106) [DEP0040] DeprecationWarning: The `punycode` module is deprecated. Please use a userland alternative instead.
verify	Preserve actual results, failure logs, browser traces and screenshots	2026-09-19T17:45:36.4223872Z (Use `node --trace-deprecation ...` to show where the warning was created)
verify	Preserve actual results, failure logs, browser traces and screenshots	2026-09-19T17:45:36.5556012Z Multiple search paths detected. Calculating the least common ancestor of all paths
verify	Preserve actual results, failure logs, browser traces and screenshots	2026-09-19T17:45:36.5558540Z The least common ancestor is /home/runner/work/ZenJev/ZenJev/ZenJev. This will be the root directory of the artifact
verify	Preserve actual results, failure logs, browser traces and screenshots	2026-09-19T17:45:36.5559748Z With the provided path, there will be 107 files uploaded
verify	Preserve actual results, failure logs, browser traces and screenshots	2026-09-19T17:45:36.5560842Z Artifact name is valid!
verify	Preserve actual results, failure logs, browser traces and screenshots	2026-09-19T17:45:36.5561371Z Root directory input is valid!
verify	Preserve actual results, failure logs, browser traces and screenshots	2026-09-19T17:45:36.9581597Z Beginning upload of artifact content to blob storage
verify	Preserve actual results, failure logs, browser traces and screenshots	2026-09-19T17:45:37.2473888Z (node:6106) [DEP0169] DeprecationWarning: `url.parse()` behavior is not standardized and prone to errors that have security implications. Use the WHATWG URL API instead. CVEs are not issued for `url.parse()` vulnerabilities.
verify	Preserve actual results, failure logs, browser traces and screenshots	2026-09-19T17:45:37.9211566Z Uploaded bytes 1284637
verify	Preserve actual results, failure logs, browser traces and screenshots	2026-09-19T17:45:37.9988876Z Finished uploading artifact content to blob storage!
verify	Preserve actual results, failure logs, browser traces and screenshots	2026-09-19T17:45:38.0001289Z SHA256 digest of uploaded artifact zip is 5f0f617d93c15b54697cbbc9818bd106ee1774ba5da69964750bbd28c47d3384
verify	Preserve actual results, failure logs, browser traces and screenshots	2026-09-19T17:45:38.0002690Z Finalizing artifact upload
verify	Preserve actual results, failure logs, browser traces and screenshots	2026-09-19T17:45:38.2757121Z Artifact zenjev-verification-88afc37003b2f6e12339ea8f1156bd62e3d8a34e-1.zip successfully finalized. Artifact ID 10589306823
verify	Preserve actual results, failure logs, browser traces and screenshots	2026-09-19T17:45:38.2774949Z Artifact zenjev-verification-88afc37003b2f6e12339ea8f1156bd62e3d8a34e-1 has been successfully uploaded! Final size is 1284637 bytes. Artifact ID is 10589306823
verify	Preserve actual results, failure logs, browser traces and screenshots	2026-09-19T17:45:38.2802466Z Artifact download URL: https://github.com/marcoakes/ZenJev/actions/runs/35458834078/artifacts/10589306823
verify	Post Check out the reviewed public Wringer harness	﻿2026-09-19T17:45:38.3019927Z Node 20 is being deprecated. This workflow is running with Node 24 by default. If you need to temporarily use Node 20, you can set the ACTIONS_ALLOW_USE_UNSECURE_NODE_VERSION=true environment variable. For more information see: https://github.blog/changelog/2025-09-19-deprecation-of-node-20-on-github-actions-runners/
verify	Post Check out the reviewed public Wringer harness	2026-09-19T17:45:38.3021395Z Post job cleanup.
verify	Post Check out the reviewed public Wringer harness	2026-09-19T17:45:38.4201228Z [command]/usr/bin/git version
verify	Post Check out the reviewed public Wringer harness	2026-09-19T17:45:38.4266768Z git version 2.55.0
verify	Post Check out the reviewed public Wringer harness	2026-09-19T17:45:38.4327416Z Temporarily overriding HOME='/home/runner/work/_temp/844167c7-72e7-47fe-b30a-86e2709da7b1' before making global git config changes
verify	Post Check out the reviewed public Wringer harness	2026-09-19T17:45:38.4332193Z Adding repository directory to the temporary git global config as a safe directory
verify	Post Check out the reviewed public Wringer harness	2026-09-19T17:45:38.4342599Z [command]/usr/bin/git config --global --add safe.directory /home/runner/work/ZenJev/ZenJev/wringer
verify	Post Check out the reviewed public Wringer harness	2026-09-19T17:45:38.4385752Z [command]/usr/bin/git config --local --name-only --get-regexp core\.sshCommand
verify	Post Check out the reviewed public Wringer harness	2026-09-19T17:45:38.4445329Z [command]/usr/bin/git submodule foreach --recursive sh -c "git config --local --name-only --get-regexp 'core\.sshCommand' && git config --local --unset-all 'core.sshCommand' || :"
verify	Post Check out the reviewed public Wringer harness	2026-09-19T17:45:38.4784107Z [command]/usr/bin/git config --local --name-only --get-regexp http\.https\:\/\/github\.com\/\.extraheader
verify	Post Check out the reviewed public Wringer harness	2026-09-19T17:45:38.4857919Z [command]/usr/bin/git submodule foreach --recursive sh -c "git config --local --name-only --get-regexp 'http\.https\:\/\/github\.com\/\.extraheader' && git config --local --unset-all 'http.https://github.com/.extraheader' || :"
verify	Post Check out the exact application revision	﻿2026-09-19T17:45:38.5775882Z Node 20 is being deprecated. This workflow is running with Node 24 by default. If you need to temporarily use Node 20, you can set the ACTIONS_ALLOW_USE_UNSECURE_NODE_VERSION=true environment variable. For more information see: https://github.blog/changelog/2025-09-19-deprecation-of-node-20-on-github-actions-runners/
verify	Post Check out the exact application revision	2026-09-19T17:45:38.5778163Z Post job cleanup.
verify	Post Check out the exact application revision	2026-09-19T17:45:38.6809894Z [command]/usr/bin/git version
verify	Post Check out the exact application revision	2026-09-19T17:45:38.6873715Z git version 2.55.0
verify	Post Check out the exact application revision	2026-09-19T17:45:38.6934933Z Temporarily overriding HOME='/home/runner/work/_temp/ae4cc14d-f0af-45c7-878d-3165063f351f' before making global git config changes
verify	Post Check out the exact application revision	2026-09-19T17:45:38.6944481Z Adding repository directory to the temporary git global config as a safe directory
verify	Post Check out the exact application revision	2026-09-19T17:45:38.6960185Z [command]/usr/bin/git config --global --add safe.directory /home/runner/work/ZenJev/ZenJev/ZenJev
verify	Post Check out the exact application revision	2026-09-19T17:45:38.7015224Z [command]/usr/bin/git config --local --name-only --get-regexp core\.sshCommand
verify	Post Check out the exact application revision	2026-09-19T17:45:38.7073047Z [command]/usr/bin/git submodule foreach --recursive sh -c "git config --local --name-only --get-regexp 'core\.sshCommand' && git config --local --unset-all 'core.sshCommand' || :"
verify	Post Check out the exact application revision	2026-09-19T17:45:38.7421713Z [command]/usr/bin/git config --local --name-only --get-regexp http\.https\:\/\/github\.com\/\.extraheader
verify	Post Check out the exact application revision	2026-09-19T17:45:38.7433856Z [command]/usr/bin/git submodule foreach --recursive sh -c "git config --local --name-only --get-regexp 'http\.https\:\/\/github\.com\/\.extraheader' && git config --local --unset-all 'http.https://github.com/.extraheader' || :"
verify	Stop containers	﻿2026-09-19T17:45:38.7967734Z Print service container logs: 3811da618da042b3822e5ea7c0504103_postgres17_f5493d
verify	Stop containers	2026-09-19T17:45:38.7974093Z ##[command]/usr/bin/docker logs --details 123d83a343f05c6fd9f0f29b34c7462e255fe00ec9dcebc0496d423eb95ee7b9
verify	Stop containers	2026-09-19T17:45:38.8184799Z  initdb: warning: enabling "trust" authentication for local connections
verify	Stop containers	2026-09-19T17:45:38.8186133Z  The files belonging to this database system will be owned by user "postgres".
verify	Stop containers	2026-09-19T17:45:38.8190355Z  initdb: hint: You can change this by editing pg_hba.conf or using the option -A, or --auth-local and --auth-host, the next time you run initdb.
verify	Stop containers	2026-09-19T17:45:38.8191776Z  This user must also own the server process.
verify	Stop containers	2026-09-19T17:45:38.8193346Z  
verify	Stop containers	2026-09-19T17:45:38.8194700Z  2026-09-19 17:42:49.501 UTC [1] LOG:  starting PostgreSQL 17.11 (Debian 17.11-1.pgdg13+2) on x86_64-pc-linux-gnu, compiled by gcc (Debian 14.2.0-19) 14.2.0, 64-bit
verify	Stop containers	2026-09-19T17:45:38.8211179Z  The database cluster will be initialized with locale "en_US.utf8".
verify	Stop containers	2026-09-19T17:45:38.8212083Z  The default database encoding has accordingly been set to "UTF8".
verify	Stop containers	2026-09-19T17:45:38.8212886Z  The default text search configuration will be set to "english".
verify	Stop containers	2026-09-19T17:45:38.8213499Z  
verify	Stop containers	2026-09-19T17:45:38.8213856Z  Data page checksums are disabled.
verify	Stop containers	2026-09-19T17:45:38.8214316Z  
verify	Stop containers	2026-09-19T17:45:38.8214853Z  fixing permissions on existing directory /var/lib/postgresql/data ... ok
verify	Stop containers	2026-09-19T17:45:38.8215578Z  creating subdirectories ... ok
verify	Stop containers	2026-09-19T17:45:38.8216150Z  selecting dynamic shared memory implementation ... posix
verify	Stop containers	2026-09-19T17:45:38.8216793Z  selecting default "max_connections" ... 100
verify	Stop containers	2026-09-19T17:45:38.8217363Z  selecting default "shared_buffers" ... 128MB
verify	Stop containers	2026-09-19T17:45:38.8217926Z  selecting default time zone ... Etc/UTC
verify	Stop containers	2026-09-19T17:45:38.8218453Z  creating configuration files ... ok
verify	Stop containers	2026-09-19T17:45:38.8218954Z  running bootstrap script ... ok
verify	Stop containers	2026-09-19T17:45:38.8219516Z  performing post-bootstrap initialization ... ok
verify	Stop containers	2026-09-19T17:45:38.8220030Z  syncing data to disk ... ok
verify	Stop containers	2026-09-19T17:45:38.8220285Z  
verify	Stop containers	2026-09-19T17:45:38.8220942Z  
verify	Stop containers	2026-09-19T17:45:38.8221214Z  Success. You can now start the database server using:
verify	Stop containers	2026-09-19T17:45:38.8221555Z  
verify	Stop containers	2026-09-19T17:45:38.8221815Z      pg_ctl -D /var/lib/postgresql/data -l logfile start
verify	Stop containers	2026-09-19T17:45:38.8222138Z  
verify	Stop containers	2026-09-19T17:45:38.8222463Z  2026-09-19 17:42:49.501 UTC [1] LOG:  listening on IPv4 address "0.0.0.0", port 5432
verify	Stop containers	2026-09-19T17:45:38.8222954Z  2026-09-19 17:42:49.501 UTC [1] LOG:  listening on IPv6 address "::", port 5432
verify	Stop containers	2026-09-19T17:45:38.8223496Z  2026-09-19 17:42:49.504 UTC [1] LOG:  listening on Unix socket "/var/run/postgresql/.s.PGSQL.5432"
verify	Stop containers	2026-09-19T17:45:38.8224080Z  2026-09-19 17:42:49.513 UTC [63] LOG:  database system was shut down at 2026-09-19 17:42:49 UTC
verify	Stop containers	2026-09-19T17:45:38.8224636Z  2026-09-19 17:42:49.519 UTC [1] LOG:  database system is ready to accept connections
verify	Stop containers	2026-09-19T17:45:38.8225751Z  waiting for server to start....2026-09-19 17:42:49.044 UTC [47] LOG:  starting PostgreSQL 17.11 (Debian 17.11-1.pgdg13+2) on x86_64-pc-linux-gnu, compiled by gcc (Debian 14.2.0-19) 14.2.0, 64-bit
verify	Stop containers	2026-09-19T17:45:38.8226645Z  2026-09-19 17:42:49.046 UTC [47] LOG:  listening on Unix socket "/var/run/postgresql/.s.PGSQL.5432"
verify	Stop containers	2026-09-19T17:45:38.8227227Z  2026-09-19 17:42:49.049 UTC [50] LOG:  database system was shut down at 2026-09-19 17:42:48 UTC
verify	Stop containers	2026-09-19T17:45:38.8227756Z  2026-09-19 17:42:49.056 UTC [47] LOG:  database system is ready to accept connections
verify	Stop containers	2026-09-19T17:45:38.8228155Z   done
verify	Stop containers	2026-09-19T17:45:38.8228352Z  server started
verify	Stop containers	2026-09-19T17:45:38.8228559Z  CREATE DATABASE
verify	Stop containers	2026-09-19T17:45:38.8228761Z  
verify	Stop containers	2026-09-19T17:45:38.8228941Z  
verify	Stop containers	2026-09-19T17:45:38.8229265Z  /usr/local/bin/docker-entrypoint.sh: ignoring /docker-entrypoint-initdb.d/*
verify	Stop containers	2026-09-19T17:45:38.8229671Z  
verify	Stop containers	2026-09-19T17:45:38.8230035Z  waiting for server to shut down....2026-09-19 17:42:49.370 UTC [47] LOG:  received fast shutdown request
verify	Stop containers	2026-09-19T17:45:38.8230856Z  2026-09-19 17:42:49.373 UTC [47] LOG:  aborting any active transactions
verify	Stop containers	2026-09-19T17:45:38.8231684Z  2026-09-19 17:42:49.410 UTC [47] LOG:  background worker "logical replication launcher" (PID 53) exited with exit code 1
verify	Stop containers	2026-09-19T17:45:38.8232239Z  2026-09-19 17:42:49.413 UTC [48] LOG:  shutting down
verify	Stop containers	2026-09-19T17:45:38.8232643Z  2026-09-19 17:42:49.414 UTC [48] LOG:  checkpoint starting: shutdown immediate
verify	Stop containers	2026-09-19T17:45:38.8233746Z  2026-09-19 17:42:49.439 UTC [48] LOG:  checkpoint complete: wrote 925 buffers (5.6%); 0 WAL file(s) added, 0 removed, 0 recycled; write=0.020 s, sync=0.002 s, total=0.025 s; sync files=301, longest=0.001 s, average=0.001 s; distance=4256 kB, estimate=4256 kB; lsn=0/19179A8, redo lsn=0/19179A8
verify	Stop containers	2026-09-19T17:45:38.8234825Z  2026-09-19 17:42:49.448 UTC [47] LOG:  database system is shut down
verify	Stop containers	2026-09-19T17:45:38.8235158Z   done
verify	Stop containers	2026-09-19T17:45:38.8248134Z  server stopped
verify	Stop containers	2026-09-19T17:45:38.8248505Z  
verify	Stop containers	2026-09-19T17:45:38.8248870Z  PostgreSQL init process complete; ready for start up.
verify	Stop containers	2026-09-19T17:45:38.8249208Z  
verify	Stop containers	2026-09-19T17:45:38.8255516Z Stop and remove container: 3811da618da042b3822e5ea7c0504103_postgres17_f5493d
verify	Stop containers	2026-09-19T17:45:38.8260387Z ##[command]/usr/bin/docker rm --force 123d83a343f05c6fd9f0f29b34c7462e255fe00ec9dcebc0496d423eb95ee7b9
verify	Stop containers	2026-09-19T17:45:38.9664670Z 123d83a343f05c6fd9f0f29b34c7462e255fe00ec9dcebc0496d423eb95ee7b9
verify	Stop containers	2026-09-19T17:45:38.9721728Z Print service container logs: cf4fc62084fa402a80f4cd451238c46b_postgres17_f6bfc5
verify	Stop containers	2026-09-19T17:45:38.9723456Z ##[command]/usr/bin/docker logs --details 2af7311f527611ad91a89b423b0efcec8006a3278063ff0916dc074edad4db27
verify	Stop containers	2026-09-19T17:45:38.9893429Z  The files belonging to this database system will be owned by user "postgres".
verify	Stop containers	2026-09-19T17:45:38.9894935Z  initdb: warning: enabling "trust" authentication for local connections
verify	Stop containers	2026-09-19T17:45:38.9898385Z  initdb: hint: You can change this by editing pg_hba.conf or using the option -A, or --auth-local and --auth-host, the next time you run initdb.
verify	Stop containers	2026-09-19T17:45:38.9899587Z  This user must also own the server process.
verify	Stop containers	2026-09-19T17:45:38.9900295Z  
verify	Stop containers	2026-09-19T17:45:38.9901895Z  2026-09-19 17:42:50.396 UTC [1] LOG:  starting PostgreSQL 17.11 (Debian 17.11-1.pgdg13+2) on x86_64-pc-linux-gnu, compiled by gcc (Debian 14.2.0-19) 14.2.0, 64-bit
verify	Stop containers	2026-09-19T17:45:38.9903217Z  The database cluster will be initialized with locale "en_US.utf8".
verify	Stop containers	2026-09-19T17:45:38.9904349Z  2026-09-19 17:42:50.396 UTC [1] LOG:  listening on IPv4 address "0.0.0.0", port 5432
verify	Stop containers	2026-09-19T17:45:38.9905273Z  The default database encoding has accordingly been set to "UTF8".
verify	Stop containers	2026-09-19T17:45:38.9906387Z  2026-09-19 17:42:50.396 UTC [1] LOG:  listening on IPv6 address "::", port 5432
verify	Stop containers	2026-09-19T17:45:38.9907289Z  The default text search configuration will be set to "english".
verify	Stop containers	2026-09-19T17:45:38.9908428Z  2026-09-19 17:42:50.397 UTC [1] LOG:  listening on Unix socket "/var/run/postgresql/.s.PGSQL.5432"
verify	Stop containers	2026-09-19T17:45:38.9909168Z  
verify	Stop containers	2026-09-19T17:45:38.9910369Z  2026-09-19 17:42:50.402 UTC [62] LOG:  database system was shut down at 2026-09-19 17:42:50 UTC
verify	Stop containers	2026-09-19T17:45:38.9911158Z  Data page checksums are disabled.
verify	Stop containers	2026-09-19T17:45:38.9912121Z  2026-09-19 17:42:50.406 UTC [1] LOG:  database system is ready to accept connections
verify	Stop containers	2026-09-19T17:45:38.9912828Z  
verify	Stop containers	2026-09-19T17:45:38.9913376Z  2026-09-19 17:44:38.204 UTC [233] WARNING:  there is no transaction in progress
verify	Stop containers	2026-09-19T17:45:38.9914245Z  2026-09-19 17:44:39.096 UTC [233] WARNING:  there is no transaction in progress
verify	Stop containers	2026-09-19T17:45:38.9915081Z  2026-09-19 17:44:42.069 UTC [233] WARNING:  there is no transaction in progress
verify	Stop containers	2026-09-19T17:45:38.9915919Z  2026-09-19 17:44:45.005 UTC [233] WARNING:  there is no transaction in progress
verify	Stop containers	2026-09-19T17:45:38.9917098Z  fixing permissions on existing directory /var/lib/postgresql/data ... ok
verify	Stop containers	2026-09-19T17:45:38.9917940Z  creating subdirectories ... ok
verify	Stop containers	2026-09-19T17:45:38.9918533Z  selecting dynamic shared memory implementation ... posix
verify	Stop containers	2026-09-19T17:45:38.9919183Z  selecting default "max_connections" ... 100
verify	Stop containers	2026-09-19T17:45:38.9919750Z  selecting default "shared_buffers" ... 128MB
verify	Stop containers	2026-09-19T17:45:38.9920921Z  selecting default time zone ... Etc/UTC
verify	Stop containers	2026-09-19T17:45:38.9921454Z  creating configuration files ... ok
verify	Stop containers	2026-09-19T17:45:38.9921960Z  running bootstrap script ... ok
verify	Stop containers	2026-09-19T17:45:38.9922416Z  performing post-bootstrap initialization ... ok
verify	Stop containers	2026-09-19T17:45:38.9922746Z  syncing data to disk ... ok
verify	Stop containers	2026-09-19T17:45:38.9922982Z  
verify	Stop containers	2026-09-19T17:45:38.9923163Z  
verify	Stop containers	2026-09-19T17:45:38.9923396Z  Success. You can now start the database server using:
verify	Stop containers	2026-09-19T17:45:38.9923706Z  
verify	Stop containers	2026-09-19T17:45:38.9923951Z      pg_ctl -D /var/lib/postgresql/data -l logfile start
verify	Stop containers	2026-09-19T17:45:38.9924270Z  
verify	Stop containers	2026-09-19T17:45:38.9924918Z  waiting for server to start....2026-09-19 17:42:50.086 UTC [46] LOG:  starting PostgreSQL 17.11 (Debian 17.11-1.pgdg13+2) on x86_64-pc-linux-gnu, compiled by gcc (Debian 14.2.0-19) 14.2.0, 64-bit
verify	Stop containers	2026-09-19T17:45:38.9925835Z  2026-09-19 17:42:50.087 UTC [46] LOG:  listening on Unix socket "/var/run/postgresql/.s.PGSQL.5432"
verify	Stop containers	2026-09-19T17:45:38.9926417Z  2026-09-19 17:42:50.090 UTC [49] LOG:  database system was shut down at 2026-09-19 17:42:49 UTC
verify	Stop containers	2026-09-19T17:45:38.9926956Z  2026-09-19 17:42:50.093 UTC [46] LOG:  database system is ready to accept connections
verify	Stop containers	2026-09-19T17:45:38.9927336Z   done
verify	Stop containers	2026-09-19T17:45:38.9927531Z  server started
verify	Stop containers	2026-09-19T17:45:38.9927742Z  CREATE DATABASE
verify	Stop containers	2026-09-19T17:45:38.9927940Z  
verify	Stop containers	2026-09-19T17:45:38.9928117Z  
verify	Stop containers	2026-09-19T17:45:38.9928447Z  /usr/local/bin/docker-entrypoint.sh: ignoring /docker-entrypoint-initdb.d/*
verify	Stop containers	2026-09-19T17:45:38.9928853Z  
verify	Stop containers	2026-09-19T17:45:38.9929110Z  2026-09-19 17:42:50.273 UTC [46] LOG:  received fast shutdown request
verify	Stop containers	2026-09-19T17:45:38.9929648Z  waiting for server to shut down....2026-09-19 17:42:50.274 UTC [46] LOG:  aborting any active transactions
verify	Stop containers	2026-09-19T17:45:38.9930352Z  2026-09-19 17:42:50.277 UTC [46] LOG:  background worker "logical replication launcher" (PID 52) exited with exit code 1
verify	Stop containers	2026-09-19T17:45:38.9931396Z  2026-09-19 17:42:50.277 UTC [47] LOG:  shutting down
verify	Stop containers	2026-09-19T17:45:38.9931812Z  2026-09-19 17:42:50.278 UTC [47] LOG:  checkpoint starting: shutdown immediate
verify	Stop containers	2026-09-19T17:45:38.9932896Z  2026-09-19 17:42:50.294 UTC [47] LOG:  checkpoint complete: wrote 925 buffers (5.6%); 0 WAL file(s) added, 0 removed, 0 recycled; write=0.013 s, sync=0.002 s, total=0.017 s; sync files=301, longest=0.001 s, average=0.001 s; distance=4256 kB, estimate=4256 kB; lsn=0/19179A8, redo lsn=0/19179A8
verify	Stop containers	2026-09-19T17:45:38.9933979Z  2026-09-19 17:42:50.300 UTC [46] LOG:  database system is shut down
verify	Stop containers	2026-09-19T17:45:38.9934331Z   done
verify	Stop containers	2026-09-19T17:45:38.9934522Z  server stopped
verify	Stop containers	2026-09-19T17:45:38.9934727Z  
verify	Stop containers	2026-09-19T17:45:38.9934975Z  PostgreSQL init process complete; ready for start up.
verify	Stop containers	2026-09-19T17:45:38.9935288Z  
verify	Stop containers	2026-09-19T17:45:38.9936231Z Stop and remove container: cf4fc62084fa402a80f4cd451238c46b_postgres17_f6bfc5
verify	Stop containers	2026-09-19T17:45:38.9936978Z ##[command]/usr/bin/docker rm --force 2af7311f527611ad91a89b423b0efcec8006a3278063ff0916dc074edad4db27
verify	Stop containers	2026-09-19T17:45:39.1257061Z 2af7311f527611ad91a89b423b0efcec8006a3278063ff0916dc074edad4db27
verify	Stop containers	2026-09-19T17:45:39.1294750Z Remove container network: github_network_0a07f299a47448e3a5b44e14b5f18c78
verify	Stop containers	2026-09-19T17:45:39.1299333Z ##[command]/usr/bin/docker network rm github_network_0a07f299a47448e3a5b44e14b5f18c78
verify	Stop containers	2026-09-19T17:45:39.2027854Z github_network_0a07f299a47448e3a5b44e14b5f18c78
verify	Complete job	﻿2026-09-19T17:45:39.2104305Z Cleaning up orphan processes
verify	Complete job	2026-09-19T17:45:39.2425143Z ##[warning]Node.js 20 is deprecated. The following actions target Node.js 20 but are being forced to run on Node.js 24: actions/checkout@11bd71901bbe5b1630ceea73d27597364c9af683, actions/setup-node@49933ea5288caeca8642d1e84afbd3f7d6820020, actions/upload-artifact@ea165f8d65b6e75b540449e92b4886f43607fa02, oven-sh/setup-bun@735343b667d3e6f658f44d0eca948eb6282f2b76. For more information see: https://github.blog/changelog/2025-09-19-deprecation-of-node-20-on-github-actions-runners/
